date,maturity_month,bridge_segment,session,source,total_call_oi,total_put_oi,total_call_volume,total_put_volume,call_wall_strike,put_wall_strike,call_wall_oi,put_wall_oi,call_wall_volume,put_wall_volume,call_wall_candidate_count,put_wall_candidate_count,call_wall_candidate_strikes,put_wall_candidate_strikes,call_wall_tie,put_wall_tie,call_wall_status,put_wall_status,analysis_status,expiry_status,wall_selection_rule,oi_put_call_ratio,volume_put_call_ratio,call_wall_oi_change_1d,call_wall_strike_change_1d,put_wall_oi_change_1d,put_wall_strike_change_1d,call_wall_distance,call_wall_distance_pct,call_wall_warning,put_wall_distance,put_wall_distance_pct,put_wall_warning,front_selection_rule,underlying_price,underlying_source,underlying_dataset,underlying_pit_status
2025-08-18,2025-09,OFFICIAL_DATA_GO_KR_2020_PRESENT,UNSPECIFIED_BY_SOURCE,data_go_kr,167449,230713,193564,205325,460.0,185.0,8684,11555,14856.0,25.0,1,1,460,185,False,False,WALL_AVAILABLE,WALL_AVAILABLE,WALL_ANALYSIS_VERIFIED,MATURITY_MONTH_ONLY_EXACT_EXPIRY_NOT_AVAILABLE,MAX_OI_LOWEST_STRIKE_REPRESENTATIVE_ALL_CANDIDATES_PRESERVED,1.3778105572442954,1.060760265338596,2206.0,0.0,42.0,0.0,30.81,7.178638831286843,,-244.19,-56.89554742654768,,MIN_RETAINED_MATURITY_MONTH_NOT_BEFORE_TRADE_MONTH,429.19,pykrx,kr_kospi200_index_daily,PIT_SAFE_EOD_T_PLUS_1
2025-08-19,2025-09,OFFICIAL_DATA_GO_KR_2020_PRESENT,UNSPECIFIED_BY_SOURCE,data_go_kr,190874,246631,234636,187478,460.0,185.0,11374,11559,20025.0,5.0,1,1,460,185,False,False,WALL_AVAILABLE,WALL_AVAILABLE,WALL_ANALYSIS_VERIFIED,MATURITY_MONTH_ONLY_EXACT_EXPIRY_NOT_AVAILABLE,MAX_OI_LOWEST_STRIKE_REPRESENTATIVE_ALL_CANDIDATES_PRESERVED,1.2921141695568803,0.7990163487273905,2690.0,0.0,4.0,0.0,33.81999999999999,7.935614059786933,,-241.18,-56.591111736824814,,MIN_RETAINED_MATURITY_MONTH_NOT_BEFORE_TRADE_MONTH,426.18,pykrx,kr_kospi200_index_daily,PIT_SAFE_EOD_T_PLUS_1
2025-08-20,2025-09,OFFICIAL_DATA_GO_KR_2020_PRESENT,UNSPECIFIED_BY_SOURCE,data_go_kr,205602,270315,286129,320789,460.0,185.0,12441,11560,14302.0,2.0,1,1,460,185,False,False,WALL_AVAILABLE,WALL_AVAILABLE,WALL_ANALYSIS_VERIFIED,MATURITY_MONTH_ONLY_EXACT_EXPIRY_NOT_AVAILABLE,MAX_OI_LOWEST_STRIKE_REPRESENTATIVE_ALL_CANDIDATES_PRESERVED,1.3147488837657222,1.1211341737468066,1067.0,0.0,1.0,0.0,36.339999999999975,8.577633007600438,,-238.66000000000005,-56.33290846433461,,MIN_RETAINED_MATURITY_MONTH_NOT_BEFORE_TRADE_MONTH,423.66,pykrx,kr_kospi200_index_daily,PIT_SAFE_EOD_T_PLUS_1
2025-08-21,2025-09,OFFICIAL_DATA_GO_KR_2020_PRESENT,UNSPECIFIED_BY_SOURCE,data_go_kr,209425,293167,190913,195664,460.0,400.0,12889,11846,8256.0,14507.0,1,1,460,400,False,False,WALL_AVAILABLE,WALL_AVAILABLE,WALL_ANALYSIS_VERIFIED,MATURITY_MONTH_ONLY_EXACT_EXPIRY_NOT_AVAILABLE,MAX_OI_LOWEST_STRIKE_REPRESENTATIVE_ALL_CANDIDATES_PRESERVED,1.399866300584935,1.024885680912248,448.0,0.0,286.0,215.0,35.589999999999975,8.38575905374519,,-24.410000000000025,-5.7515138663085335,,MIN_RETAINED_MATURITY_MONTH_NOT_BEFORE_TRADE_MONTH,424.41,pykrx,kr_kospi200_index_daily,PIT_SAFE_EOD_T_PLUS_1
2025-08-22,2025-09,OFFICIAL_DATA_GO_KR_2020_PRESENT,UNSPECIFIED_BY_SOURCE,data_go_kr,213227,307053,177125,171017,460.0,400.0,13339,12141,10886.0,10053.0,1,1,460,400,False,False,WALL_AVAILABLE,WALL_AVAILABLE,WALL_ANALYSIS_VERIFIED,MATURITY_MONTH_ONLY_EXACT_EXPIRY_NOT_AVAILABLE,MAX_OI_LOWEST_STRIKE_REPRESENTATIVE_ALL_CANDIDATES_PRESERVED,1.4400287018060565,0.965515878616796,450.0,0.0,295.0,0.0,31.5,7.351225204200706,,-28.5,-6.651108518086346,,MIN_RETAINED_MATURITY_MONTH_NOT_BEFORE_TRADE_MONTH,428.5,pykrx,kr_kospi200_index_daily,PIT_SAFE_EOD_T_PLUS_1
2025-08-25,2025-09,OFFICIAL_DATA_GO_KR_2020_PRESENT,UNSPECIFIED_BY_SOURCE,data_go_kr,223213,320283,194179,220497,460.0,400.0,13748,11859,11738.0,12715.0,1,1,460,400,False,False,WALL_AVAILABLE,WALL_AVAILABLE,WALL_ANALYSIS_VERIFIED,MATURITY_MONTH_ONLY_EXACT_EXPIRY_NOT_AVAILABLE,MAX_OI_LOWEST_STRIKE_REPRESENTATIVE_ALL_CANDIDATES_PRESERVED,1.434876104886364,1.1355347385659624,409.0,0.0,-282.0,0.0,26.110000000000014,6.017654244163273,,-33.889999999999986,-7.81073543985803,,MIN_RETAINED_MATURITY_MONTH_NOT_BEFORE_TRADE_MONTH,433.89,pykrx,kr_kospi200_index_daily,PIT_SAFE_EOD_T_PLUS_1
2025-08-26,2025-09,OFFICIAL_DATA_GO_KR_2020_PRESENT,UNSPECIFIED_BY_SOURCE,data_go_kr,230490,324859,188794,224087,460.0,400.0,14124,12352,11518.0,11791.0,1,1,460,400,False,False,WALL_AVAILABLE,WALL_AVAILABLE,WALL_ANALYSIS_VERIFIED,MATURITY_MONTH_ONLY_EXACT_EXPIRY_NOT_AVAILABLE,MAX_OI_LOWEST_STRIKE_REPRESENTATIVE_ALL_CANDIDATES_PRESERVED,1.409427740899822,1.1869392035763848,376.0,0.0,493.0,0.0,30.58999999999997,7.123727905731103,,-29.410000000000025,-6.848932255885987,,MIN_RETAINED_MATURITY_MONTH_NOT_BEFORE_TRADE_MONTH,429.41,pykrx,kr_kospi200_index_daily,PIT_SAFE_EOD_T_PLUS_1
2025-08-27,2025-09,OFFICIAL_DATA_GO_KR_2020_PRESENT,UNSPECIFIED_BY_SOURCE,data_go_kr,230784,338140,203558,190170,460.0,400.0,14760,12460,10520.0,11958.0,1,1,460,400,False,False,WALL_AVAILABLE,WALL_AVAILABLE,WALL_ANALYSIS_VERIFIED,MATURITY_MONTH_ONLY_EXACT_EXPIRY_NOT_AVAILABLE,MAX_OI_LOWEST_STRIKE_REPRESENTATIVE_ALL_CANDIDATES_PRESERVED,1.4651795618413754,0.934230047455762,636.0,0.0,108.0,0.0,29.69,6.899676977063041,,-30.31,-7.043759150379958,,MIN_RETAINED_MATURITY_MONTH_NOT_BEFORE_TRADE_MONTH,430.31,pykrx,kr_kospi200_index_daily,PIT_SAFE_EOD_T_PLUS_1
2025-08-28,2025-09,OFFICIAL_DATA_GO_KR_2020_PRESENT,UNSPECIFIED_BY_SOURCE,data_go_kr,234841,351301,247754,249998,460.0,395.0,12874,14230,12189.0,13252.0,1,1,460,395,False,False,WALL_AVAILABLE,WALL_AVAILABLE,WALL_ANALYSIS_VERIFIED,MATURITY_MONTH_ONLY_EXACT_EXPIRY_NOT_AVAILABLE,MAX_OI_LOWEST_STRIKE_REPRESENTATIVE_ALL_CANDIDATES_PRESERVED,1.495909998679958,1.0090573714248812,-1886.0,0.0,1770.0,-5.0,28.19,6.528334221069443,,-36.81,-8.524582571038186,,MIN_RETAINED_MATURITY_MONTH_NOT_BEFORE_TRADE_MONTH,431.81,pykrx,kr_kospi200_index_daily,PIT_SAFE_EOD_T_PLUS_1
2025-08-29,2025-09,OFFICIAL_DATA_GO_KR_2020_PRESENT,UNSPECIFIED_BY_SOURCE,data_go_kr,242897,356297,203653,189641,460.0,415.0,12184,13350,7085.0,16015.0,1,1,460,415,False,False,WALL_AVAILABLE,WALL_AVAILABLE,WALL_ANALYSIS_VERIFIED,MATURITY_MONTH_ONLY_EXACT_EXPIRY_NOT_AVAILABLE,MAX_OI_LOWEST_STRIKE_REPRESENTATIVE_ALL_CANDIDATES_PRESERVED,1.466864555758202,0.9311966924130752,-690.0,0.0,-880.0,20.0,29.879999999999995,6.946898539942348,,-15.120000000000005,-3.515298056356364,,MIN_RETAINED_MATURITY_MONTH_NOT_BEFORE_TRADE_MONTH,430.12,pykrx,kr_kospi200_index_daily,PIT_SAFE_EOD_T_PLUS_1
2025-09-01,2025-09,OFFICIAL_DATA_GO_KR_2020_PRESENT,UNSPECIFIED_BY_SOURCE,data_go_kr,254795,373881,317306,320577,450.0,415.0,14860,15885,28703.0,23428.0,1,1,450,415,False,False,WALL_AVAILABLE,WALL_AVAILABLE,WALL_ANALYSIS_VERIFIED,MATURITY_MONTH_ONLY_EXACT_EXPIRY_NOT_AVAILABLE,MAX_OI_LOWEST_STRIKE_REPRESENTATIVE_ALL_CANDIDATES_PRESERVED,1.4673796581565572,1.0103086610401315,2676.0,-10.0,2535.0,0.0,26.670000000000016,6.300049606689817,,-8.329999999999984,-1.967732029386049,,MIN_RETAINED_MATURITY_MONTH_NOT_BEFORE_TRADE_MONTH,423.33,pykrx,kr_kospi200_index_daily,PIT_SAFE_EOD_T_PLUS_1
2025-09-02,2025-09,OFFICIAL_DATA_GO_KR_2020_PRESENT,UNSPECIFIED_BY_SOURCE,data_go_kr,251782,380970,246928,265641,450.0,395.0,15306,15878,12554.0,18036.0,1,1,450,395,False,False,WALL_AVAILABLE,WALL_AVAILABLE,WALL_ANALYSIS_VERIFIED,MATURITY_MONTH_ONLY_EXACT_EXPIRY_NOT_AVAILABLE,MAX_OI_LOWEST_STRIKE_REPRESENTATIVE_ALL_CANDIDATES_PRESERVED,1.5130946612545777,1.0757832242597032,446.0,0.0,-7.0,-20.0,21.850000000000023,5.10335162910196,,-33.14999999999998,-7.742613570010503,,MIN_RETAINED_MATURITY_MONTH_NOT_BEFORE_TRADE_MONTH,428.15,pykrx,kr_kospi200_index_daily,PIT_SAFE_EOD_T_PLUS_1
2025-09-03,2025-09,OFFICIAL_DATA_GO_KR_2020_PRESENT,UNSPECIFIED_BY_SOURCE,data_go_kr,252595,395912,260971,278739,450.0,415.0,14238,15482,14102.0,22638.0,1,1,450,415,False,False,WALL_AVAILABLE,WALL_AVAILABLE,WALL_ANALYSIS_VERIFIED,MATURITY_MONTH_ONLY_EXACT_EXPIRY_NOT_AVAILABLE,MAX_OI_LOWEST_STRIKE_REPRESENTATIVE_ALL_CANDIDATES_PRESERVED,1.5673786100279103,1.0680841932628529,-1068.0,0.0,-396.0,20.0,19.629999999999995,4.561191532867071,,-15.370000000000005,-3.571345586355923,,MIN_RETAINED_MATURITY_MONTH_NOT_BEFORE_TRADE_MONTH,430.37,pykrx,kr_kospi200_index_daily,PIT_SAFE_EOD_T_PLUS_1
2025-09-04,2025-09,OFFICIAL_DATA_GO_KR_2020_PRESENT,UNSPECIFIED_BY_SOURCE,data_go_kr,250814,401288,284381,338690,445.0,415.0,12579,15299,32566.0,29839.0,1,1,445,415,False,False,WALL_AVAILABLE,WALL_AVAILABLE,WALL_ANALYSIS_VERIFIED,MATURITY_MONTH_ONLY_EXACT_EXPIRY_NOT_AVAILABLE,MAX_OI_LOWEST_STRIKE_REPRESENTATIVE_ALL_CANDIDATES_PRESERVED,1.5999425869369333,1.1909726739831423,-1659.0,-5.0,-183.0,0.0,12.680000000000009,2.9330125832716547,,-17.319999999999993,-4.00629163582531,,MIN_RETAINED_MATURITY_MONTH_NOT_BEFORE_TRADE_MONTH,432.32,pykrx,kr_kospi200_index_daily,PIT_SAFE_EOD_T_PLUS_1
2025-09-05,2025-09,OFFICIAL_DATA_GO_KR_2020_PRESENT,UNSPECIFIED_BY_SOURCE,data_go_kr,249576,415200,316962,334757,445.0,415.0,13472,15719,40381.0,35006.0,1,1,445,415,False,False,WALL_AVAILABLE,WALL_AVAILABLE,WALL_ANALYSIS_VERIFIED,MATURITY_MONTH_ONLY_EXACT_EXPIRY_NOT_AVAILABLE,MAX_OI_LOWEST_STRIKE_REPRESENTATIVE_ALL_CANDIDATES_PRESERVED,1.6636215020675065,1.0561423766886882,893.0,0.0,420.0,0.0,12.139999999999986,2.8046019498221053,,-17.860000000000014,-4.12604537263781,,MIN_RETAINED_MATURITY_MONTH_NOT_BEFORE_TRADE_MONTH,432.86,pykrx,kr_kospi200_index_daily,PIT_SAFE_EOD_T_PLUS_1
2025-09-08,2025-09,OFFICIAL_DATA_GO_KR_2020_PRESENT,UNSPECIFIED_BY_SOURCE,data_go_kr,279770,435177,377111,355240,445.0,415.0,16524,17593,52918.0,21524.0,1,1,445,415,False,False,WALL_AVAILABLE,WALL_AVAILABLE,WALL_ANALYSIS_VERIFIED,MATURITY_MONTH_ONLY_EXACT_EXPIRY_NOT_AVAILABLE,MAX_OI_LOWEST_STRIKE_REPRESENTATIVE_ALL_CANDIDATES_PRESERVED,1.5554812882010225,0.9420038132008878,3052.0,0.0,1874.0,0.0,10.149999999999975,2.334138208577663,,-19.850000000000023,-4.564792457169142,,MIN_RETAINED_MATURITY_MONTH_NOT_BEFORE_TRADE_MONTH,434.85,pykrx,kr_kospi200_index_daily,PIT_SAFE_EOD_T_PLUS_1
2025-09-09,2025-09,OFFICIAL_DATA_GO_KR_2020_PRESENT,UNSPECIFIED_BY_SOURCE,data_go_kr,280332,466402,1630791,1007570,445.0,415.0,20749,17547,297573.0,16686.0,1,1,445,415,False,False,WALL_AVAILABLE,WALL_AVAILABLE,WALL_ANALYSIS_VERIFIED,MATURITY_MONTH_ONLY_EXACT_EXPIRY_NOT_AVAILABLE,MAX_OI_LOWEST_STRIKE_REPRESENTATIVE_ALL_CANDIDATES_PRESERVED,1.663748697972404,0.6178412807036585,4225.0,0.0,-46.0,0.0,3.7200000000000273,0.8430021754894934,,-26.279999999999973,-5.955402465554749,,MIN_RETAINED_MATURITY_MONTH_NOT_BEFORE_TRADE_MONTH,441.28,pykrx,kr_kospi200_index_daily,PIT_SAFE_EOD_T_PLUS_1
2025-09-10,2025-09,OFFICIAL_DATA_GO_KR_2020_PRESENT,UNSPECIFIED_BY_SOURCE,data_go_kr,276927,503472,1752871,1099470,445.0,415.0,14463,20324,96376.0,10510.0,1,1,445,415,False,False,WALL_AVAILABLE,WALL_AVAILABLE,WALL_ANALYSIS_VERIFIED,MATURITY_MONTH_ONLY_EXACT_EXPIRY_NOT_AVAILABLE,MAX_OI_LOWEST_STRIKE_REPRESENTATIVE_ALL_CANDIDATES_PRESERVED,1.8180675773759871,0.6272395401601145,-6286.0,0.0,2777.0,0.0,-5.050000000000011,-1.12209754471726,,-35.05000000000001,-7.7880235529385615,,MIN_RETAINED_MATURITY_MONTH_NOT_BEFORE_TRADE_MONTH,450.05,pykrx,kr_kospi200_index_daily,PIT_SAFE_EOD_T_PLUS_1
2025-09-11,2025-09,OFFICIAL_DATA_GO_KR_2020_PRESENT,UNSPECIFIED_BY_SOURCE,data_go_kr,0,0,2180782,1839388,,,0,0,,,139,139,185|187.5|190|192.5|195|197.5|200|202.5|205|207.5|210|212.5|215|217.5|220|222.5|225|227.5|230|232.5|235|237.5|240|242.5|245|247.5|250|252.5|255|257.5|260|262.5|265|267.5|270|272.5|275|277.5|280|282.5|285|287.5|290|292.5|295|297.5|300|302.5|305|307.5|310|312.5|315|317.5|320|322.5|325|327.5|330|332.5|335|337.5|340|342.5|345|347.5|350|352.5|355|357.5|360|362.5|365|367.5|370|372.5|375|377.5|380|382.5|385|387.5|390|392.5|395|397.5|400|402.5|405|407.5|410|412.5|415|417.5|420|422.5|425|427.5|430|432.5|435|437.5|440|442.5|445|447.5|450|452.5|455|457.5|460|462.5|465|467.5|470|472.5|475|477.5|480|482.5|485|487.5|490|492.5|495|497.5|500|502.5|505|507.5|510|512.5|515|517.5|520|522.5|525|527.5|530,185|187.5|190|192.5|195|197.5|200|202.5|205|207.5|210|212.5|215|217.5|220|222.5|225|227.5|230|232.5|235|237.5|240|242.5|245|247.5|250|252.5|255|257.5|260|262.5|265|267.5|270|272.5|275|277.5|280|282.5|285|287.5|290|292.5|295|297.5|300|302.5|305|307.5|310|312.5|315|317.5|320|322.5|325|327.5|330|332.5|335|337.5|340|342.5|345|347.5|350|352.5|355|357.5|360|362.5|365|367.5|370|372.5|375|377.5|380|382.5|385|387.5|390|392.5|395|397.5|400|402.5|405|407.5|410|412.5|415|417.5|420|422.5|425|427.5|430|432.5|435|437.5|440|442.5|445|447.5|450|452.5|455|457.5|460|462.5|465|467.5|470|472.5|475|477.5|480|482.5|485|487.5|490|492.5|495|497.5|500|502.5|505|507.5|510|512.5|515|517.5|520|522.5|525|527.5|530,True,True,NO_OPEN_INTEREST,NO_OPEN_INTEREST,WALL_ANALYSIS_VERIFIED,MATURITY_MONTH_ONLY_EXACT_EXPIRY_NOT_AVAILABLE,MAX_OI_LOWEST_STRIKE_REPRESENTATIVE_ALL_CANDIDATES_PRESERVED,,0.8434534034121705,-14463.0,,-20324.0,,,,,,,,MIN_RETAINED_MATURITY_MONTH_NOT_BEFORE_TRADE_MONTH,454.0,pykrx,kr_kospi200_index_daily,PIT_SAFE_EOD_T_PLUS_1
2025-09-12,2025-10,OFFICIAL_DATA_GO_KR_2020_PRESENT,UNSPECIFIED_BY_SOURCE,data_go_kr,160219,212623,397159,286181,460.0,200.0,10214,12369,9941.0,34.0,1,1,460,200,False,False,WALL_AVAILABLE,WALL_AVAILABLE,WALL_ANALYSIS_VERIFIED,MATURITY_MONTH_ONLY_EXACT_EXPIRY_NOT_AVAILABLE,MAX_OI_LOWEST_STRIKE_REPRESENTATIVE_ALL_CANDIDATES_PRESERVED,1.32707731292793,0.7205703509173907,-472.0,0.0,45.0,0.0,-2.740000000000009,-0.5921251674806616,,-262.74,-56.779184855426365,,MIN_RETAINED_MATURITY_MONTH_NOT_BEFORE_TRADE_MONTH,462.74,pykrx,kr_kospi200_index_daily,PIT_SAFE_EOD_T_PLUS_1
2025-09-15,2025-10,OFFICIAL_DATA_GO_KR_2020_PRESENT,UNSPECIFIED_BY_SOURCE,data_go_kr,175578,235484,307650,231441,480.0,200.0,10503,12479,30276.0,109.0,1,1,480,200,False,False,WALL_AVAILABLE,WALL_AVAILABLE,WALL_ANALYSIS_VERIFIED,MATURITY_MONTH_ONLY_EXACT_EXPIRY_NOT_AVAILABLE,MAX_OI_LOWEST_STRIKE_REPRESENTATIVE_ALL_CANDIDATES_PRESERVED,1.3411930879722973,0.7522866894197953,289.0,20.0,110.0,0.0,15.350000000000025,3.303561820725287,,-264.65,-56.95684924136446,,MIN_RETAINED_MATURITY_MONTH_NOT_BEFORE_TRADE_MONTH,464.65,pykrx,kr_kospi200_index_daily,PIT_SAFE_EOD_T_PLUS_1
2025-09-16,2025-10,OFFICIAL_DATA_GO_KR_2020_PRESENT,UNSPECIFIED_BY_SOURCE,data_go_kr,181287,262527,329157,267449,480.0,200.0,9845,12483,26388.0,5.0,1,1,480,200,False,False,WALL_AVAILABLE,WALL_AVAILABLE,WALL_ANALYSIS_VERIFIED,MATURITY_MONTH_ONLY_EXACT_EXPIRY_NOT_AVAILABLE,MAX_OI_LOWEST_STRIKE_REPRESENTATIVE_ALL_CANDIDATES_PRESERVED,1.4481292094855118,0.8125271526961299,-658.0,0.0,4.0,0.0,7.149999999999977,1.5121074336470253,,-272.85,-57.703288569313735,,MIN_RETAINED_MATURITY_MONTH_NOT_BEFORE_TRADE_MONTH,472.85,pykrx,kr_kospi200_index_daily,PIT_SAFE_EOD_T_PLUS_1
2025-09-17,2025-10,OFFICIAL_DATA_GO_KR_2020_PRESENT,UNSPECIFIED_BY_SOURCE,data_go_kr,197313,274188,267151,255937,480.0,200.0,10305,12487,14944.0,11.0,1,1,480,200,False,False,WALL_AVAILABLE,WALL_AVAILABLE,WALL_ANALYSIS_VERIFIED,MATURITY_MONTH_ONLY_EXACT_EXPIRY_NOT_AVAILABLE,MAX_OI_LOWEST_STRIKE_REPRESENTATIVE_ALL_CANDIDATES_PRESERVED,1.3896094023201715,0.958023739383345,460.0,0.0,4.0,0.0,13.009999999999993,2.785926893509494,,-266.99,-57.17253046103772,,MIN_RETAINED_MATURITY_MONTH_NOT_BEFORE_TRADE_MONTH,466.99,pykrx,kr_kospi200_index_daily,PIT_SAFE_EOD_T_PLUS_1
2025-09-18,2025-10,OFFICIAL_DATA_GO_KR_2020_PRESENT,UNSPECIFIED_BY_SOURCE,data_go_kr,201146,292076,373347,278027,467.5,200.0,10069,12489,3455.0,2.0,1,1,467.5,200,False,False,WALL_AVAILABLE,WALL_AVAILABLE,WALL_ANALYSIS_VERIFIED,MATURITY_MONTH_ONLY_EXACT_EXPIRY_NOT_AVAILABLE,MAX_OI_LOWEST_STRIKE_REPRESENTATIVE_ALL_CANDIDATES_PRESERVED,1.4520596979308562,0.7446879176744423,-236.0,-12.5,2.0,0.0,-7.839999999999975,-1.6493457314764148,,-275.34,-57.92485378886691,,MIN_RETAINED_MATURITY_MONTH_NOT_BEFORE_TRADE_MONTH,475.34,pykrx,kr_kospi200_index_daily,PIT_SAFE_EOD_T_PLUS_1
2025-09-19,2025-10,OFFICIAL_DATA_GO_KR_2020_PRESENT,UNSPECIFIED_BY_SOURCE,data_go_kr,213964,303201,282283,266532,480.0,200.0,10204,12491,8213.0,3.0,1,1,480,200,False,False,WALL_AVAILABLE,WALL_AVAILABLE,WALL_ANALYSIS_VERIFIED,MATURITY_MONTH_ONLY_EXACT_EXPIRY_NOT_AVAILABLE,MAX_OI_LOWEST_STRIKE_REPRESENTATIVE_ALL_CANDIDATES_PRESERVED,1.4170654876521285,0.9442013865517938,135.0,12.5,2.0,0.0,6.560000000000002,1.3856032443392952,,-273.44,-57.75599864819196,,MIN_RETAINED_MATURITY_MONTH_NOT_BEFORE_TRADE_MONTH,473.44,pykrx,kr_kospi200_index_daily,PIT_SAFE_EOD_T_PLUS_1
2025-09-22,2025-10,OFFICIAL_DATA_GO_KR_2020_PRESENT,UNSPECIFIED_BY_SOURCE,data_go_kr,213022,320332,420633,352617,467.5,440.0,9825,13998,1855.0,13833.0,1,1,467.5,440,False,False,WALL_AVAILABLE,WALL_AVAILABLE,WALL_ANALYSIS_VERIFIED,MATURITY_MONTH_ONLY_EXACT_EXPIRY_NOT_AVAILABLE,MAX_OI_LOWEST_STRIKE_REPRESENTATIVE_ALL_CANDIDATES_PRESERVED,1.503750786303762,0.8383008465812241,-379.0,-12.5,1507.0,240.0,-10.79000000000002,-2.2559535010140297,,-38.29000000000002,-8.005603295072028,,MIN_RETAINED_MATURITY_MONTH_NOT_BEFORE_TRADE_MONTH,478.29,pykrx,kr_kospi200_index_daily,PIT_SAFE_EOD_T_PLUS_1
2025-09-23,2025-10,OFFICIAL_DATA_GO_KR_2020_PRESENT,UNSPECIFIED_BY_SOURCE,data_go_kr,223977,332413,428400,365307,500.0,200.0,10302,12492,45731.0,0.0,1,1,500,200,False,False,WALL_AVAILABLE,WALL_AVAILABLE,WALL_ANALYSIS_VERIFIED,MATURITY_MONTH_ONLY_EXACT_EXPIRY_NOT_AVAILABLE,MAX_OI_LOWEST_STRIKE_REPRESENTATIVE_ALL_CANDIDATES_PRESERVED,1.4841389964148104,0.8527240896358543,477.0,32.5,-1506.0,-240.0,18.45999999999998,3.83353407816589,,-281.54,-58.46658636873365,,MIN_RETAINED_MATURITY_MONTH_NOT_BEFORE_TRADE_MONTH,481.54,pykrx,kr_kospi200_index_daily,PIT_SAFE_EOD_T_PLUS_1
2025-09-24,2025-10,OFFICIAL_DATA_GO_KR_2020_PRESENT,UNSPECIFIED_BY_SOURCE,data_go_kr,235403,336800,423167,420198,510.0,200.0,10721,12495,16983.0,3.0,1,1,510,200,False,False,WALL_AVAILABLE,WALL_AVAILABLE,WALL_ANALYSIS_VERIFIED,MATURITY_MONTH_ONLY_EXACT_EXPIRY_NOT_AVAILABLE,MAX_OI_LOWEST_STRIKE_REPRESENTATIVE_ALL_CANDIDATES_PRESERVED,1.4307379260247322,0.9929838574368984,419.0,10.0,3.0,0.0,29.610000000000014,6.163741959657787,,-280.39,-58.36716001582048,,MIN_RETAINED_MATURITY_MONTH_NOT_BEFORE_TRADE_MONTH,480.39,pykrx,kr_kospi200_index_daily,PIT_SAFE_EOD_T_PLUS_1
2025-09-25,2025-10,OFFICIAL_DATA_GO_KR_2020_PRESENT,UNSPECIFIED_BY_SOURCE,data_go_kr,243901,347160,376830,355372,505.0,450.0,11928,13339,18004.0,18234.0,1,1,505,450,False,False,WALL_AVAILABLE,WALL_AVAILABLE,WALL_ANALYSIS_VERIFIED,MATURITY_MONTH_ONLY_EXACT_EXPIRY_NOT_AVAILABLE,MAX_OI_LOWEST_STRIKE_REPRESENTATIVE_ALL_CANDIDATES_PRESERVED,1.4233643978499473,0.9430565506992544,1207.0,-5.0,844.0,250.0,24.370000000000005,5.070428396063509,,-30.629999999999995,-6.372885587666188,,MIN_RETAINED_MATURITY_MONTH_NOT_BEFORE_TRADE_MONTH,480.63,pykrx,kr_kospi200_index_daily,PIT_SAFE_EOD_T_PLUS_1
2025-09-26,2025-10,OFFICIAL_DATA_GO_KR_2020_PRESENT,UNSPECIFIED_BY_SOURCE,data_go_kr,250151,337133,630426,842051,490.0,200.0,13938,12497,49077.0,1.0,1,1,490,200,False,False,WALL_AVAILABLE,WALL_AVAILABLE,WALL_ANALYSIS_VERIFIED,MATURITY_MONTH_ONLY_EXACT_EXPIRY_NOT_AVAILABLE,MAX_OI_LOWEST_STRIKE_REPRESENTATIVE_ALL_CANDIDATES_PRESERVED,1.347717978341082,1.335685710931973,2010.0,-15.0,-842.0,-250.0,21.970000000000027,4.694143537807416,,-268.03,-57.267696515180646,,MIN_RETAINED_MATURITY_MONTH_NOT_BEFORE_TRADE_MONTH,468.03,pykrx,kr_kospi200_index_daily,PIT_SAFE_EOD_T_PLUS_1
2025-09-29,2025-10,OFFICIAL_DATA_GO_KR_2020_PRESENT,UNSPECIFIED_BY_SOURCE,data_go_kr,264250,348677,542027,500209,490.0,460.0,14016,13376,52696.0,40631.0,1,1,490,460,False,False,WALL_AVAILABLE,WALL_AVAILABLE,WALL_ANALYSIS_VERIFIED,MATURITY_MONTH_ONLY_EXACT_EXPIRY_NOT_AVAILABLE,MAX_OI_LOWEST_STRIKE_REPRESENTATIVE_ALL_CANDIDATES_PRESERVED,1.319496688741722,0.9228488617725684,78.0,0.0,879.0,260.0,14.779999999999973,3.1101384621859296,,-15.220000000000027,-3.2027271579479044,,MIN_RETAINED_MATURITY_MONTH_NOT_BEFORE_TRADE_MONTH,475.22,pykrx,kr_kospi200_index_daily,PIT_SAFE_EOD_T_PLUS_1
2025-09-30,2025-10,OFFICIAL_DATA_GO_KR_2020_PRESENT,UNSPECIFIED_BY_SOURCE,data_go_kr,286911,364548,1037174,1059183,480.0,460.0,16728,15351,219600.0,69070.0,1,1,480,460,False,False,WALL_AVAILABLE,WALL_AVAILABLE,WALL_ANALYSIS_VERIFIED,MATURITY_MONTH_ONLY_EXACT_EXPIRY_NOT_AVAILABLE,MAX_OI_LOWEST_STRIKE_REPRESENTATIVE_ALL_CANDIDATES_PRESERVED,1.270596108200801,1.021220161708643,2712.0,-10.0,1975.0,0.0,5.970000000000027,1.2594139611417088,,-14.029999999999973,-2.959728287239194,,MIN_RETAINED_MATURITY_MONTH_NOT_BEFORE_TRADE_MONTH,474.03,pykrx,kr_kospi200_index_daily,PIT_SAFE_EOD_T_PLUS_1
2025-10-01,2025-10,OFFICIAL_DATA_GO_KR_2020_PRESENT,UNSPECIFIED_BY_SOURCE,data_go_kr,297890,419345,1340066,1142651,480.0,465.0,18522,16089,215851.0,54836.0,1,1,480,465,False,False,WALL_AVAILABLE,WALL_AVAILABLE,WALL_ANALYSIS_VERIFIED,MATURITY_MONTH_ONLY_EXACT_EXPIRY_NOT_AVAILABLE,MAX_OI_LOWEST_STRIKE_REPRESENTATIVE_ALL_CANDIDATES_PRESERVED,1.4077176138843197,0.8526826290645386,1794.0,0.0,738.0,5.0,0.6299999999999955,0.1314224920207829,,-14.370000000000005,-2.997684460854877,,MIN_RETAINED_MATURITY_MONTH_NOT_BEFORE_TRADE_MONTH,479.37,pykrx,kr_kospi200_index_daily,PIT_SAFE_EOD_T_PLUS_1
2025-10-02,2025-10,OFFICIAL_DATA_GO_KR_2020_PRESENT,UNSPECIFIED_BY_SOURCE,data_go_kr,0,0,2369939,1681655,,,0,0,,,146,146,200|202.5|205|207.5|210|212.5|215|217.5|220|222.5|225|227.5|230|232.5|235|237.5|240|242.5|245|247.5|250|252.5|255|257.5|260|262.5|265|267.5|270|272.5|275|277.5|280|282.5|285|287.5|290|292.5|295|297.5|300|302.5|305|307.5|310|312.5|315|317.5|320|322.5|325|327.5|330|332.5|335|337.5|340|342.5|345|347.5|350|352.5|355|357.5|360|362.5|365|367.5|370|372.5|375|377.5|380|382.5|385|387.5|390|392.5|395|397.5|400|402.5|405|407.5|410|412.5|415|417.5|420|422.5|425|427.5|430|432.5|435|437.5|440|442.5|445|447.5|450|452.5|455|457.5|460|462.5|465|467.5|470|472.5|475|477.5|480|482.5|485|487.5|490|492.5|495|497.5|500|502.5|505|507.5|510|512.5|515|517.5|520|522.5|525|527.5|530|532.5|535|537.5|540|542.5|545|547.5|550|552.5|555|557.5|560|562.5,200|202.5|205|207.5|210|212.5|215|217.5|220|222.5|225|227.5|230|232.5|235|237.5|240|242.5|245|247.5|250|252.5|255|257.5|260|262.5|265|267.5|270|272.5|275|277.5|280|282.5|285|287.5|290|292.5|295|297.5|300|302.5|305|307.5|310|312.5|315|317.5|320|322.5|325|327.5|330|332.5|335|337.5|340|342.5|345|347.5|350|352.5|355|357.5|360|362.5|365|367.5|370|372.5|375|377.5|380|382.5|385|387.5|390|392.5|395|397.5|400|402.5|405|407.5|410|412.5|415|417.5|420|422.5|425|427.5|430|432.5|435|437.5|440|442.5|445|447.5|450|452.5|455|457.5|460|462.5|465|467.5|470|472.5|475|477.5|480|482.5|485|487.5|490|492.5|495|497.5|500|502.5|505|507.5|510|512.5|515|517.5|520|522.5|525|527.5|530|532.5|535|537.5|540|542.5|545|547.5|550|552.5|555|557.5|560|562.5,True,True,NO_OPEN_INTEREST,NO_OPEN_INTEREST,WALL_ANALYSIS_VERIFIED,MATURITY_MONTH_ONLY_EXACT_EXPIRY_NOT_AVAILABLE,MAX_OI_LOWEST_STRIKE_REPRESENTATIVE_ALL_CANDIDATES_PRESERVED,,0.7095773351128447,-18522.0,,-16089.0,,,,,,,,MIN_RETAINED_MATURITY_MONTH_NOT_BEFORE_TRADE_MONTH,493.41,pykrx,kr_kospi200_index_daily,PIT_SAFE_EOD_T_PLUS_1
2025-10-10,2025-11,OFFICIAL_DATA_GO_KR_2020_PRESENT,UNSPECIFIED_BY_SOURCE,data_go_kr,122271,194487,213940,226165,572.5,220.0,12123,8076,34707.0,49.0,1,1,572.5,220,False,False,WALL_AVAILABLE,WALL_AVAILABLE,WALL_ANALYSIS_VERIFIED,MATURITY_MONTH_ONLY_EXACT_EXPIRY_NOT_AVAILABLE,MAX_OI_LOWEST_STRIKE_REPRESENTATIVE_ALL_CANDIDATES_PRESERVED,1.590622469759796,1.0571421893988968,5941.0,72.5,47.0,0.0,65.52999999999997,12.925814150738702,,-286.97,-56.60492731325325,,MIN_RETAINED_MATURITY_MONTH_NOT_BEFORE_TRADE_MONTH,506.97,pykrx,kr_kospi200_index_daily,PIT_SAFE_EOD_T_PLUS_1
2025-10-13,2025-11,OFFICIAL_DATA_GO_KR_2020_PRESENT,UNSPECIFIED_BY_SOURCE,data_go_kr,160690,230978,245242,229569,572.5,450.0,12591,8945,17513.0,8476.0,1,1,572.5,450,False,False,WALL_AVAILABLE,WALL_AVAILABLE,WALL_ANALYSIS_VERIFIED,MATURITY_MONTH_ONLY_EXACT_EXPIRY_NOT_AVAILABLE,MAX_OI_LOWEST_STRIKE_REPRESENTATIVE_ALL_CANDIDATES_PRESERVED,1.4374136536187692,0.936091697180744,468.0,0.0,869.0,230.0,70.63,14.073365612608836,,-51.870000000000005,-10.335345806683003,,MIN_RETAINED_MATURITY_MONTH_NOT_BEFORE_TRADE_MONTH,501.87,pykrx,kr_kospi200_index_daily,PIT_SAFE_EOD_T_PLUS_1
2025-10-14,2025-11,OFFICIAL_DATA_GO_KR_2020_PRESENT,UNSPECIFIED_BY_SOURCE,data_go_kr,173254,247434,307744,310915,572.5,460.0,11221,9500,15120.0,12281.0,1,1,572.5,460,False,False,WALL_AVAILABLE,WALL_AVAILABLE,WALL_ANALYSIS_VERIFIED,MATURITY_MONTH_ONLY_EXACT_EXPIRY_NOT_AVAILABLE,MAX_OI_LOWEST_STRIKE_REPRESENTATIVE_ALL_CANDIDATES_PRESERVED,1.428157502857077,1.0103040189248207,-1370.0,0.0,555.0,10.0,75.61000000000001,15.216647547746987,,-36.88999999999999,-7.424178389583202,,MIN_RETAINED_MATURITY_MONTH_NOT_BEFORE_TRADE_MONTH,496.89,pykrx,kr_kospi200_index_daily,PIT_SAFE_EOD_T_PLUS_1
2025-10-15,2025-11,OFFICIAL_DATA_GO_KR_2020_PRESENT,UNSPECIFIED_BY_SOURCE,data_go_kr,171049,266653,204569,163098,587.5,450.0,10638,9623,13008.0,5231.0,1,1,587.5,450,False,False,WALL_AVAILABLE,WALL_AVAILABLE,WALL_ANALYSIS_VERIFIED,MATURITY_MONTH_ONLY_EXACT_EXPIRY_NOT_AVAILABLE,MAX_OI_LOWEST_STRIKE_REPRESENTATIVE_ALL_CANDIDATES_PRESERVED,1.5589275587697091,0.7972762246479183,-583.0,15.0,123.0,-10.0,76.94999999999999,15.071981196748595,,-60.55000000000001,-11.859759083341492,,MIN_RETAINED_MATURITY_MONTH_NOT_BEFORE_TRADE_MONTH,510.55,pykrx,kr_kospi200_index_daily,PIT_SAFE_EOD_T_PLUS_1
2025-10-16,2025-11,OFFICIAL_DATA_GO_KR_2020_PRESENT,UNSPECIFIED_BY_SOURCE,data_go_kr,169227,291878,296228,232981,587.5,450.0,7845,10729,20036.0,6274.0,1,1,587.5,450,False,False,WALL_AVAILABLE,WALL_AVAILABLE,WALL_ANALYSIS_VERIFIED,MATURITY_MONTH_ONLY_EXACT_EXPIRY_NOT_AVAILABLE,MAX_OI_LOWEST_STRIKE_REPRESENTATIVE_ALL_CANDIDATES_PRESERVED,1.7247720517411524,0.7864921614432127,-2793.0,0.0,1106.0,0.0,63.04999999999996,12.022118409762594,,-74.45000000000005,-14.195824196777584,,MIN_RETAINED_MATURITY_MONTH_NOT_BEFORE_TRADE_MONTH,524.45,pykrx,kr_kospi200_index_daily,PIT_SAFE_EOD_T_PLUS_1
2025-10-17,2025-11,OFFICIAL_DATA_GO_KR_2020_PRESENT,UNSPECIFIED_BY_SOURCE,data_go_kr,177955,314360,282014,260536,605.0,460.0,8044,10859,45695.0,9928.0,1,1,605,460,False,False,WALL_AVAILABLE,WALL_AVAILABLE,WALL_ANALYSIS_VERIFIED,MATURITY_MONTH_ONLY_EXACT_EXPIRY_NOT_AVAILABLE,MAX_OI_LOWEST_STRIKE_REPRESENTATIVE_ALL_CANDIDATES_PRESERVED,1.7665140063499198,0.9238406603927464,199.0,17.5,130.0,10.0,79.51999999999998,15.132830935525622,,-65.48000000000002,-12.460988049021848,,MIN_RETAINED_MATURITY_MONTH_NOT_BEFORE_TRADE_MONTH,525.48,pykrx,kr_kospi200_index_daily,PIT_SAFE_EOD_T_PLUS_1
2025-10-20,2025-11,OFFICIAL_DATA_GO_KR_2020_PRESENT,UNSPECIFIED_BY_SOURCE,data_go_kr,183653,335444,245292,257014,605.0,460.0,9778,10776,41870.0,8833.0,1,1,605,460,False,False,WALL_AVAILABLE,WALL_AVAILABLE,WALL_ANALYSIS_VERIFIED,MATURITY_MONTH_ONLY_EXACT_EXPIRY_NOT_AVAILABLE,MAX_OI_LOWEST_STRIKE_REPRESENTATIVE_ALL_CANDIDATES_PRESERVED,1.8265097765895464,1.0477879425337964,1734.0,0.0,-83.0,0.0,69.72000000000003,13.02495890001496,,-75.27999999999997,-14.063667613211772,,MIN_RETAINED_MATURITY_MONTH_NOT_BEFORE_TRADE_MONTH,535.28,pykrx,kr_kospi200_index_daily,PIT_SAFE_EOD_T_PLUS_1
2025-10-21,2025-11,OFFICIAL_DATA_GO_KR_2020_PRESENT,UNSPECIFIED_BY_SOURCE,data_go_kr,196392,348037,312202,269050,615.0,460.0,7610,10304,53035.0,10460.0,1,1,615,460,False,False,WALL_AVAILABLE,WALL_AVAILABLE,WALL_ANALYSIS_VERIFIED,MATURITY_MONTH_ONLY_EXACT_EXPIRY_NOT_AVAILABLE,MAX_OI_LOWEST_STRIKE_REPRESENTATIVE_ALL_CANDIDATES_PRESERVED,1.772154670251334,0.8617817951198262,-2168.0,10.0,-472.0,0.0,79.72000000000003,14.893140038858178,,-75.27999999999997,-14.063667613211772,,MIN_RETAINED_MATURITY_MONTH_NOT_BEFORE_TRADE_MONTH,535.28,pykrx,kr_kospi200_index_daily,PIT_SAFE_EOD_T_PLUS_1
2025-10-22,2025-11,OFFICIAL_DATA_GO_KR_2020_PRESENT,UNSPECIFIED_BY_SOURCE,data_go_kr,201144,360706,304301,256391,615.0,460.0,8727,11091,36746.0,8472.0,1,1,615,460,False,False,WALL_AVAILABLE,WALL_AVAILABLE,WALL_ANALYSIS_VERIFIED,MATURITY_MONTH_ONLY_EXACT_EXPIRY_NOT_AVAILABLE,MAX_OI_LOWEST_STRIKE_REPRESENTATIVE_ALL_CANDIDATES_PRESERVED,1.7932724814063556,0.8425572048728068,1117.0,0.0,787.0,0.0,72.40999999999997,13.345251479017309,,-82.59000000000003,-15.221437918133407,,MIN_RETAINED_MATURITY_MONTH_NOT_BEFORE_TRADE_MONTH,542.59,pykrx,kr_kospi200_index_daily,PIT_SAFE_EOD_T_PLUS_1
2025-10-23,2025-11,OFFICIAL_DATA_GO_KR_2020_PRESENT,UNSPECIFIED_BY_SOURCE,data_go_kr,204360,377721,309643,263201,600.0,460.0,6495,12053,18585.0,9980.0,1,1,600,460,False,False,WALL_AVAILABLE,WALL_AVAILABLE,WALL_ANALYSIS_VERIFIED,MATURITY_MONTH_ONLY_EXACT_EXPIRY_NOT_AVAILABLE,MAX_OI_LOWEST_STRIKE_REPRESENTATIVE_ALL_CANDIDATES_PRESERVED,1.848311802701116,0.8500143713889867,-2232.0,-15.0,962.0,0.0,63.63,11.863079590581126,,-76.37,-14.23830564722114,,MIN_RETAINED_MATURITY_MONTH_NOT_BEFORE_TRADE_MONTH,536.37,pykrx,kr_kospi200_index_daily,PIT_SAFE_EOD_T_PLUS_1
2025-10-24,2025-11,OFFICIAL_DATA_GO_KR_2020_PRESENT,UNSPECIFIED_BY_SOURCE,data_go_kr,203863,382136,261465,196893,622.5,460.0,7529,12110,31494.0,6892.0,1,1,622.5,460,False,False,WALL_AVAILABLE,WALL_AVAILABLE,WALL_ANALYSIS_VERIFIED,MATURITY_MONTH_ONLY_EXACT_EXPIRY_NOT_AVAILABLE,MAX_OI_LOWEST_STRIKE_REPRESENTATIVE_ALL_CANDIDATES_PRESERVED,1.874474524558159,0.7530376914692215,1034.0,22.5,57.0,0.0,72.49000000000001,13.17976036799331,,-90.00999999999999,-16.3651569971455,,MIN_RETAINED_MATURITY_MONTH_NOT_BEFORE_TRADE_MONTH,550.01,pykrx,kr_kospi200_index_daily,PIT_SAFE_EOD_T_PLUS_1
2025-10-27,2025-11,OFFICIAL_DATA_GO_KR_2020_PRESENT,UNSPECIFIED_BY_SOURCE,data_go_kr,211299,390519,292273,230981,630.0,460.0,8111,11659,54546.0,6046.0,1,1,630,460,False,False,WALL_AVAILABLE,WALL_AVAILABLE,WALL_ANALYSIS_VERIFIED,MATURITY_MONTH_ONLY_EXACT_EXPIRY_NOT_AVAILABLE,MAX_OI_LOWEST_STRIKE_REPRESENTATIVE_ALL_CANDIDATES_PRESERVED,1.84818196016072,0.7902919530712724,582.0,7.5,-451.0,0.0,64.30999999999995,11.36841733104703,,-105.69000000000004,-18.68337782177518,,MIN_RETAINED_MATURITY_MONTH_NOT_BEFORE_TRADE_MONTH,565.69,pykrx,kr_kospi200_index_daily,PIT_SAFE_EOD_T_PLUS_1
2025-10-28,2025-11,OFFICIAL_DATA_GO_KR_2020_PRESENT,UNSPECIFIED_BY_SOURCE,data_go_kr,219611,396232,288616,248841,630.0,450.0,7715,11397,27952.0,5333.0,1,1,630,450,False,False,WALL_AVAILABLE,WALL_AVAILABLE,WALL_ANALYSIS_VERIFIED,MATURITY_MONTH_ONLY_EXACT_EXPIRY_NOT_AVAILABLE,MAX_OI_LOWEST_STRIKE_REPRESENTATIVE_ALL_CANDIDATES_PRESERVED,1.8042447782670268,0.8621871275327772,-396.0,0.0,-262.0,-10.0,70.49000000000001,12.598523708244723,,-109.51,-19.57248306553949,,MIN_RETAINED_MATURITY_MONTH_NOT_BEFORE_TRADE_MONTH,559.51,pykrx,kr_kospi200_index_daily,PIT_SAFE_EOD_T_PLUS_1
2025-10-29,2025-11,OFFICIAL_DATA_GO_KR_2020_PRESENT,UNSPECIFIED_BY_SOURCE,data_go_kr,223756,405351,385375,295563,645.0,460.0,9358,11559,48287.0,6918.0,1,1,645,460,False,False,WALL_AVAILABLE,WALL_AVAILABLE,WALL_ANALYSIS_VERIFIED,MATURITY_MONTH_ONLY_EXACT_EXPIRY_NOT_AVAILABLE,MAX_OI_LOWEST_STRIKE_REPRESENTATIVE_ALL_CANDIDATES_PRESERVED,1.81157600243122,0.7669490755757379,1643.0,15.0,162.0,10.0,73.49000000000001,12.858917604241404,,-111.51,-19.51146961557978,,MIN_RETAINED_MATURITY_MONTH_NOT_BEFORE_TRADE_MONTH,571.51,pykrx,kr_kospi200_index_daily,PIT_SAFE_EOD_T_PLUS_1
2025-10-30,2025-11,OFFICIAL_DATA_GO_KR_2020_PRESENT,UNSPECIFIED_BY_SOURCE,data_go_kr,226432,427373,443933,431881,652.5,480.0,9835,11982,53023.0,12958.0,1,1,652.5,480,False,False,WALL_AVAILABLE,WALL_AVAILABLE,WALL_ANALYSIS_VERIFIED,MATURITY_MONTH_ONLY_EXACT_EXPIRY_NOT_AVAILABLE,MAX_OI_LOWEST_STRIKE_REPRESENTATIVE_ALL_CANDIDATES_PRESERVED,1.887423155737705,0.9728517591618556,477.0,7.5,423.0,20.0,77.28999999999996,13.436831765789869,,-95.21000000000004,-16.55221571252239,,MIN_RETAINED_MATURITY_MONTH_NOT_BEFORE_TRADE_MONTH,575.21,pykrx,kr_kospi200_index_daily,PIT_SAFE_EOD_T_PLUS_1
2025-10-31,2025-11,OFFICIAL_DATA_GO_KR_2020_PRESENT,UNSPECIFIED_BY_SOURCE,data_go_kr,229344,431292,303560,267702,652.5,480.0,9132,12940,14114.0,5649.0,1,1,652.5,480,False,False,WALL_AVAILABLE,WALL_AVAILABLE,WALL_ANALYSIS_VERIFIED,MATURITY_MONTH_ONLY_EXACT_EXPIRY_NOT_AVAILABLE,MAX_OI_LOWEST_STRIKE_REPRESENTATIVE_ALL_CANDIDATES_PRESERVED,1.8805462536626203,0.8818750823560416,-703.0,0.0,958.0,0.0,73.03999999999996,12.604838988023314,,-99.46000000000004,-17.16425637662652,,MIN_RETAINED_MATURITY_MONTH_NOT_BEFORE_TRADE_MONTH,579.46,pykrx,kr_kospi200_index_daily,PIT_SAFE_EOD_T_PLUS_1
2025-11-03,2025-11,OFFICIAL_DATA_GO_KR_2020_PRESENT,UNSPECIFIED_BY_SOURCE,data_go_kr,226400,453317,460082,397961,660.0,460.0,7642,10698,41601.0,2891.0,1,1,660,460,False,False,WALL_AVAILABLE,WALL_AVAILABLE,WALL_ANALYSIS_VERIFIED,MATURITY_MONTH_ONLY_EXACT_EXPIRY_NOT_AVAILABLE,MAX_OI_LOWEST_STRIKE_REPRESENTATIVE_ALL_CANDIDATES_PRESERVED,2.002283568904593,0.864978416890902,-1490.0,7.5,-2242.0,-20.0,60.97000000000003,10.178121296095366,,-139.02999999999997,-23.209188187569897,,MIN_RETAINED_MATURITY_MONTH_NOT_BEFORE_TRADE_MONTH,599.03,pykrx,kr_kospi200_index_daily,PIT_SAFE_EOD_T_PLUS_1
2025-11-04,2025-11,OFFICIAL_DATA_GO_KR_2020_PRESENT,UNSPECIFIED_BY_SOURCE,data_go_kr,247229,484347,478385,451623,680.0,460.0,7914,10486,30699.0,3467.0,1,1,680,460,False,False,WALL_AVAILABLE,WALL_AVAILABLE,WALL_ANALYSIS_VERIFIED,MATURITY_MONTH_ONLY_EXACT_EXPIRY_NOT_AVAILABLE,MAX_OI_LOWEST_STRIKE_REPRESENTATIVE_ALL_CANDIDATES_PRESERVED,1.9591026942632133,0.9440576105020017,272.0,20.0,-212.0,0.0,98.05999999999996,16.850534419355935,,-121.94000000000004,-20.954050245729803,,MIN_RETAINED_MATURITY_MONTH_NOT_BEFORE_TRADE_MONTH,581.94,pykrx,kr_kospi200_index_daily,PIT_SAFE_EOD_T_PLUS_1
2025-11-05,2025-11,OFFICIAL_DATA_GO_KR_2020_PRESENT,UNSPECIFIED_BY_SOURCE,data_go_kr,265917,461492,602182,728853,680.0,460.0,14984,10297,20031.0,21454.0,1,1,680,460,False,False,WALL_AVAILABLE,WALL_AVAILABLE,WALL_ANALYSIS_VERIFIED,MATURITY_MONTH_ONLY_EXACT_EXPIRY_NOT_AVAILABLE,MAX_OI_LOWEST_STRIKE_REPRESENTATIVE_ALL_CANDIDATES_PRESERVED,1.7354738508632392,1.2103533483232645,7070.0,0.0,-189.0,0.0,114.60000000000002,20.268836222143616,,-105.39999999999998,-18.641669614432253,,MIN_RETAINED_MATURITY_MONTH_NOT_BEFORE_TRADE_MONTH,565.4,pykrx,kr_kospi200_index_daily,PIT_SAFE_EOD_T_PLUS_1
2025-11-06,2025-11,OFFICIAL_DATA_GO_KR_2020_PRESENT,UNSPECIFIED_BY_SOURCE,data_go_kr,272620,460164,469958,580189,680.0,460.0,18600,10669,15539.0,6092.0,1,1,680,460,False,False,WALL_AVAILABLE,WALL_AVAILABLE,WALL_ANALYSIS_VERIFIED,MATURITY_MONTH_ONLY_EXACT_EXPIRY_NOT_AVAILABLE,MAX_OI_LOWEST_STRIKE_REPRESENTATIVE_ALL_CANDIDATES_PRESERVED,1.6879319198884897,1.2345550027874832,3616.0,0.0,372.0,0.0,111.62,19.63827017136424,,-108.38,-19.0682290017242,,MIN_RETAINED_MATURITY_MONTH_NOT_BEFORE_TRADE_MONTH,568.38,pykrx,kr_kospi200_index_daily,PIT_SAFE_EOD_T_PLUS_1
2025-11-07,2025-11,OFFICIAL_DATA_GO_KR_2020_PRESENT,UNSPECIFIED_BY_SOURCE,data_go_kr,296177,461742,541280,527071,680.0,470.0,17808,10645,12200.0,14266.0,1,1,680,470,False,False,WALL_AVAILABLE,WALL_AVAILABLE,WALL_ANALYSIS_VERIFIED,MATURITY_MONTH_ONLY_EXACT_EXPIRY_NOT_AVAILABLE,MAX_OI_LOWEST_STRIKE_REPRESENTATIVE_ALL_CANDIDATES_PRESERVED,1.5590069451712996,0.9737492610109372,-792.0,0.0,-24.0,10.0,122.01999999999998,21.868167317825016,,-87.98000000000002,-15.767590236209184,,MIN_RETAINED_MATURITY_MONTH_NOT_BEFORE_TRADE_MONTH,557.98,pykrx,kr_kospi200_index_daily,PIT_SAFE_EOD_T_PLUS_1
2025-11-10,2025-11,OFFICIAL_DATA_GO_KR_2020_PRESENT,UNSPECIFIED_BY_SOURCE,data_go_kr,297548,497020,468845,550097,680.0,500.0,13682,11046,9400.0,21642.0,1,1,680,500,False,False,WALL_AVAILABLE,WALL_AVAILABLE,WALL_ANALYSIS_VERIFIED,MATURITY_MONTH_ONLY_EXACT_EXPIRY_NOT_AVAILABLE,MAX_OI_LOWEST_STRIKE_REPRESENTATIVE_ALL_CANDIDATES_PRESERVED,1.6703859545350666,1.1733024773645877,-4126.0,0.0,401.0,30.0,104.69000000000004,18.197145886565515,,-75.30999999999995,-13.090333906937124,,MIN_RETAINED_MATURITY_MONTH_NOT_BEFORE_TRADE_MONTH,575.31,pykrx,kr_kospi200_index_daily,PIT_SAFE_EOD_T_PLUS_1
2025-11-11,2025-11,OFFICIAL_DATA_GO_KR_2020_PRESENT,UNSPECIFIED_BY_SOURCE,data_go_kr,309612,510024,1054978,1083736,680.0,500.0,13705,12070,237.0,9996.0,1,1,680,500,False,False,WALL_AVAILABLE,WALL_AVAILABLE,WALL_ANALYSIS_VERIFIED,MATURITY_MONTH_ONLY_EXACT_EXPIRY_NOT_AVAILABLE,MAX_OI_LOWEST_STRIKE_REPRESENTATIVE_ALL_CANDIDATES_PRESERVED,1.6473004922289831,1.0272593362136462,23.0,0.0,1024.0,0.0,98.59000000000005,16.957052682272412,,-81.40999999999997,-14.002167145387933,,MIN_RETAINED_MATURITY_MONTH_NOT_BEFORE_TRADE_MONTH,581.41,pykrx,kr_kospi200_index_daily,PIT_SAFE_EOD_T_PLUS_1
2025-11-12,2025-11,OFFICIAL_DATA_GO_KR_2020_PRESENT,UNSPECIFIED_BY_SOURCE,data_go_kr,328640,549120,1093355,987370,602.5,500.0,13709,11467,84893.0,2883.0,1,1,602.5,500,False,False,WALL_AVAILABLE,WALL_AVAILABLE,WALL_ANALYSIS_VERIFIED,MATURITY_MONTH_ONLY_EXACT_EXPIRY_NOT_AVAILABLE,MAX_OI_LOWEST_STRIKE_REPRESENTATIVE_ALL_CANDIDATES_PRESERVED,1.6708860759493671,0.9030644209794624,4.0,-77.5,-603.0,0.0,15.769999999999982,2.6877780239633164,,-86.73000000000002,-14.78192695106778,,MIN_RETAINED_MATURITY_MONTH_NOT_BEFORE_TRADE_MONTH,586.73,pykrx,kr_kospi200_index_daily,PIT_SAFE_EOD_T_PLUS_1
2025-11-13,2025-11,OFFICIAL_DATA_GO_KR_2020_PRESENT,UNSPECIFIED_BY_SOURCE,data_go_kr,0,0,1606566,1469443,,,0,0,,,185,185,220|222.5|225|227.5|230|232.5|235|237.5|240|242.5|245|247.5|250|252.5|255|257.5|260|262.5|265|267.5|270|272.5|275|277.5|280|282.5|285|287.5|290|292.5|295|297.5|300|302.5|305|307.5|310|312.5|315|317.5|320|322.5|325|327.5|330|332.5|335|337.5|340|342.5|345|347.5|350|352.5|355|357.5|360|362.5|365|367.5|370|372.5|375|377.5|380|382.5|385|387.5|390|392.5|395|397.5|400|402.5|405|407.5|410|412.5|415|417.5|420|422.5|425|427.5|430|432.5|435|437.5|440|442.5|445|447.5|450|452.5|455|457.5|460|462.5|465|467.5|470|472.5|475|477.5|480|482.5|485|487.5|490|492.5|495|497.5|500|502.5|505|507.5|510|512.5|515|517.5|520|522.5|525|527.5|530|532.5|535|537.5|540|542.5|545|547.5|550|552.5|555|557.5|560|562.5|565|567.5|570|572.5|575|577.5|580|582.5|585|587.5|590|592.5|595|597.5|600|602.5|605|607.5|610|612.5|615|617.5|620|622.5|625|627.5|630|632.5|635|637.5|640|642.5|645|647.5|650|652.5|655|657.5|660|662.5|665|667.5|670|672.5|675|677.5|680,220|222.5|225|227.5|230|232.5|235|237.5|240|242.5|245|247.5|250|252.5|255|257.5|260|262.5|265|267.5|270|272.5|275|277.5|280|282.5|285|287.5|290|292.5|295|297.5|300|302.5|305|307.5|310|312.5|315|317.5|320|322.5|325|327.5|330|332.5|335|337.5|340|342.5|345|347.5|350|352.5|355|357.5|360|362.5|365|367.5|370|372.5|375|377.5|380|382.5|385|387.5|390|392.5|395|397.5|400|402.5|405|407.5|410|412.5|415|417.5|420|422.5|425|427.5|430|432.5|435|437.5|440|442.5|445|447.5|450|452.5|455|457.5|460|462.5|465|467.5|470|472.5|475|477.5|480|482.5|485|487.5|490|492.5|495|497.5|500|502.5|505|507.5|510|512.5|515|517.5|520|522.5|525|527.5|530|532.5|535|537.5|540|542.5|545|547.5|550|552.5|555|557.5|560|562.5|565|567.5|570|572.5|575|577.5|580|582.5|585|587.5|590|592.5|595|597.5|600|602.5|605|607.5|610|612.5|615|617.5|620|622.5|625|627.5|630|632.5|635|637.5|640|642.5|645|647.5|650|652.5|655|657.5|660|662.5|665|667.5|670|672.5|675|677.5|680,True,True,NO_OPEN_INTEREST,NO_OPEN_INTEREST,WALL_ANALYSIS_VERIFIED,MATURITY_MONTH_ONLY_EXACT_EXPIRY_NOT_AVAILABLE,MAX_OI_LOWEST_STRIKE_REPRESENTATIVE_ALL_CANDIDATES_PRESERVED,,0.9146483866831492,-13709.0,,-11467.0,,,,,,,,MIN_RETAINED_MATURITY_MONTH_NOT_BEFORE_TRADE_MONTH,588.65,pykrx,kr_kospi200_index_daily,PIT_SAFE_EOD_T_PLUS_1
2025-11-14,2025-12,OFFICIAL_DATA_GO_KR_2020_PRESENT,UNSPECIFIED_BY_SOURCE,data_go_kr,219023,275041,159048,166412,680.0,300.0,15222,9696,21138.0,1248.0,1,1,680,300,False,False,WALL_AVAILABLE,WALL_AVAILABLE,WALL_ANALYSIS_VERIFIED,MATURITY_MONTH_ONLY_EXACT_EXPIRY_NOT_AVAILABLE,MAX_OI_LOWEST_STRIKE_REPRESENTATIVE_ALL_CANDIDATES_PRESERVED,1.2557630933737554,1.0463004879030229,-552.0,70.0,497.0,0.0,116.57000000000004,20.68934916493621,,-263.42999999999995,-46.754698897822266,,MIN_RETAINED_MATURITY_MONTH_NOT_BEFORE_TRADE_MONTH,563.43,pykrx,kr_kospi200_index_daily,PIT_SAFE_EOD_T_PLUS_1
2025-11-17,2025-12,OFFICIAL_DATA_GO_KR_2020_PRESENT,UNSPECIFIED_BY_SOURCE,data_go_kr,232330,302991,135712,142045,680.0,300.0,17525,9945,19155.0,850.0,1,1,680,300,False,False,WALL_AVAILABLE,WALL_AVAILABLE,WALL_ANALYSIS_VERIFIED,MATURITY_MONTH_ONLY_EXACT_EXPIRY_NOT_AVAILABLE,MAX_OI_LOWEST_STRIKE_REPRESENTATIVE_ALL_CANDIDATES_PRESERVED,1.3041406619894116,1.0466649964630983,2303.0,0.0,249.0,0.0,103.35000000000002,17.922483308766157,,-276.65,-47.97537501083846,,MIN_RETAINED_MATURITY_MONTH_NOT_BEFORE_TRADE_MONTH,576.65,pykrx,kr_kospi200_index_daily,PIT_SAFE_EOD_T_PLUS_1
2025-11-18,2025-12,OFFICIAL_DATA_GO_KR_2020_PRESENT,UNSPECIFIED_BY_SOURCE,data_go_kr,239869,328252,166608,240614,680.0,300.0,16708,10175,14890.0,569.0,1,1,680,300,False,False,WALL_AVAILABLE,WALL_AVAILABLE,WALL_ANALYSIS_VERIFIED,MATURITY_MONTH_ONLY_EXACT_EXPIRY_NOT_AVAILABLE,MAX_OI_LOWEST_STRIKE_REPRESENTATIVE_ALL_CANDIDATES_PRESERVED,1.368463619725767,1.4441923557092096,-817.0,0.0,230.0,0.0,123.54999999999995,22.203252763051484,,-256.45000000000005,-46.08680025159494,,MIN_RETAINED_MATURITY_MONTH_NOT_BEFORE_TRADE_MONTH,556.45,pykrx,kr_kospi200_index_daily,PIT_SAFE_EOD_T_PLUS_1
2025-11-19,2025-12,OFFICIAL_DATA_GO_KR_2020_PRESENT,UNSPECIFIED_BY_SOURCE,data_go_kr,252957,357072,191179,244543,680.0,300.0,16408,10454,12050.0,782.0,1,1,680,300,False,False,WALL_AVAILABLE,WALL_AVAILABLE,WALL_ANALYSIS_VERIFIED,MATURITY_MONTH_ONLY_EXACT_EXPIRY_NOT_AVAILABLE,MAX_OI_LOWEST_STRIKE_REPRESENTATIVE_ALL_CANDIDATES_PRESERVED,1.411591693449875,1.279131076111916,-300.0,0.0,279.0,0.0,127.34000000000005,23.04129120978542,,-252.66,-45.71707740744762,,MIN_RETAINED_MATURITY_MONTH_NOT_BEFORE_TRADE_MONTH,552.66,pykrx,kr_kospi200_index_daily,PIT_SAFE_EOD_T_PLUS_1
2025-11-20,2025-12,OFFICIAL_DATA_GO_KR_2020_PRESENT,UNSPECIFIED_BY_SOURCE,data_go_kr,259115,392028,191849,225327,680.0,300.0,16714,10714,13156.0,444.0,1,1,680,300,False,False,WALL_AVAILABLE,WALL_AVAILABLE,WALL_ANALYSIS_VERIFIED,MATURITY_MONTH_ONLY_EXACT_EXPIRY_NOT_AVAILABLE,MAX_OI_LOWEST_STRIKE_REPRESENTATIVE_ALL_CANDIDATES_PRESERVED,1.5129498485228567,1.1745018217452268,306.0,0.0,260.0,0.0,115.79999999999995,20.524636653668903,,-264.20000000000005,-46.8273661822049,,MIN_RETAINED_MATURITY_MONTH_NOT_BEFORE_TRADE_MONTH,564.2,pykrx,kr_kospi200_index_daily,PIT_SAFE_EOD_T_PLUS_1
2025-11-21,2025-12,OFFICIAL_DATA_GO_KR_2020_PRESENT,UNSPECIFIED_BY_SOURCE,data_go_kr,269145,391428,205553,220507,680.0,300.0,16759,11065,8797.0,983.0,1,1,680,300,False,False,WALL_AVAILABLE,WALL_AVAILABLE,WALL_ANALYSIS_VERIFIED,MATURITY_MONTH_ONLY_EXACT_EXPIRY_NOT_AVAILABLE,MAX_OI_LOWEST_STRIKE_REPRESENTATIVE_ALL_CANDIDATES_PRESERVED,1.4543387393412472,1.0727500936498129,45.0,0.0,351.0,0.0,139.64,25.842031238433627,,-240.36,-44.48145680657339,,MIN_RETAINED_MATURITY_MONTH_NOT_BEFORE_TRADE_MONTH,540.36,pykrx,kr_kospi200_index_daily,PIT_SAFE_EOD_T_PLUS_1
2025-11-24,2025-12,OFFICIAL_DATA_GO_KR_2020_PRESENT,UNSPECIFIED_BY_SOURCE,data_go_kr,287104,413251,214183,248657,680.0,300.0,16691,11033,8807.0,1161.0,1,1,680,300,False,False,WALL_AVAILABLE,WALL_AVAILABLE,WALL_ANALYSIS_VERIFIED,MATURITY_MONTH_ONLY_EXACT_EXPIRY_NOT_AVAILABLE,MAX_OI_LOWEST_STRIKE_REPRESENTATIVE_ALL_CANDIDATES_PRESERVED,1.4393773684797146,1.1609558181555026,-68.0,0.0,-32.0,0.0,139.19000000000003,25.73731994600692,,-240.81,-44.52765296499695,,MIN_RETAINED_MATURITY_MONTH_NOT_BEFORE_TRADE_MONTH,540.81,pykrx,kr_kospi200_index_daily,PIT_SAFE_EOD_T_PLUS_1
2025-11-25,2025-12,OFFICIAL_DATA_GO_KR_2020_PRESENT,UNSPECIFIED_BY_SOURCE,data_go_kr,298831,426403,237211,295710,680.0,300.0,16633,10876,2733.0,723.0,1,1,680,300,False,False,WALL_AVAILABLE,WALL_AVAILABLE,WALL_ANALYSIS_VERIFIED,MATURITY_MONTH_ONLY_EXACT_EXPIRY_NOT_AVAILABLE,MAX_OI_LOWEST_STRIKE_REPRESENTATIVE_ALL_CANDIDATES_PRESERVED,1.4269035006408304,1.2466116664067013,-58.0,0.0,-157.0,0.0,135.38,24.85769894605412,,-244.62,-44.91572105321141,,MIN_RETAINED_MATURITY_MONTH_NOT_BEFORE_TRADE_MONTH,544.62,pykrx,kr_kospi200_index_daily,PIT_SAFE_EOD_T_PLUS_1
2025-11-26,2025-12,OFFICIAL_DATA_GO_KR_2020_PRESENT,UNSPECIFIED_BY_SOURCE,data_go_kr,302944,439647,244896,298913,680.0,300.0,16333,10264,5218.0,820.0,1,1,680,300,False,False,WALL_AVAILABLE,WALL_AVAILABLE,WALL_ANALYSIS_VERIFIED,MATURITY_MONTH_ONLY_EXACT_EXPIRY_NOT_AVAILABLE,MAX_OI_LOWEST_STRIKE_REPRESENTATIVE_ALL_CANDIDATES_PRESERVED,1.4512484155487484,1.2205711812361166,-300.0,0.0,-612.0,0.0,120.63,21.56533242755243,,-259.37,-46.36823569372687,,MIN_RETAINED_MATURITY_MONTH_NOT_BEFORE_TRADE_MONTH,559.37,pykrx,kr_kospi200_index_daily,PIT_SAFE_EOD_T_PLUS_1
2025-11-27,2025-12,OFFICIAL_DATA_GO_KR_2020_PRESENT,UNSPECIFIED_BY_SOURCE,data_go_kr,303030,443559,250057,247104,680.0,450.0,16806,10299,5643.0,7728.0,1,1,680,450,False,False,WALL_AVAILABLE,WALL_AVAILABLE,WALL_ANALYSIS_VERIFIED,MATURITY_MONTH_ONLY_EXACT_EXPIRY_NOT_AVAILABLE,MAX_OI_LOWEST_STRIKE_REPRESENTATIVE_ALL_CANDIDATES_PRESERVED,1.4637461637461635,0.988190692522105,473.0,0.0,35.0,150.0,116.64,20.704345356432817,,-113.36,-20.12212439647828,,MIN_RETAINED_MATURITY_MONTH_NOT_BEFORE_TRADE_MONTH,563.36,pykrx,kr_kospi200_index_daily,PIT_SAFE_EOD_T_PLUS_1
2025-11-28,2025-12,OFFICIAL_DATA_GO_KR_2020_PRESENT,UNSPECIFIED_BY_SOURCE,data_go_kr,308057,439802,211986,217151,680.0,490.0,17057,9745,2468.0,6918.0,1,1,680,490,False,False,WALL_AVAILABLE,WALL_AVAILABLE,WALL_ANALYSIS_VERIFIED,MATURITY_MONTH_ONLY_EXACT_EXPIRY_NOT_AVAILABLE,MAX_OI_LOWEST_STRIKE_REPRESENTATIVE_ALL_CANDIDATES_PRESERVED,1.4276643608163424,1.0243648165444887,251.0,0.0,-554.0,40.0,126.0,22.743682310469303,,-64.0,-11.552346570397107,,MIN_RETAINED_MATURITY_MONTH_NOT_BEFORE_TRADE_MONTH,554.0,pykrx,kr_kospi200_index_daily,PIT_SAFE_EOD_T_PLUS_1
2025-12-01,2025-12,OFFICIAL_DATA_GO_KR_2020_PRESENT,UNSPECIFIED_BY_SOURCE,data_go_kr,307129,439257,298054,289304,680.0,450.0,17414,9574,2728.0,3923.0,1,1,680,450,False,False,WALL_AVAILABLE,WALL_AVAILABLE,WALL_ANALYSIS_VERIFIED,MATURITY_MONTH_ONLY_EXACT_EXPIRY_NOT_AVAILABLE,MAX_OI_LOWEST_STRIKE_REPRESENTATIVE_ALL_CANDIDATES_PRESERVED,1.430203595231971,0.9706429036349118,357.0,0.0,-171.0,-40.0,126.03999999999996,22.75254531013069,,-103.96000000000004,-18.766697956531164,,MIN_RETAINED_MATURITY_MONTH_NOT_BEFORE_TRADE_MONTH,553.96,pykrx,kr_kospi200_index_daily,PIT_SAFE_EOD_T_PLUS_1
2025-12-02,2025-12,OFFICIAL_DATA_GO_KR_2020_PRESENT,UNSPECIFIED_BY_SOURCE,data_go_kr,310931,456450,208022,283098,680.0,470.0,17379,11827,2414.0,10856.0,1,1,680,470,False,False,WALL_AVAILABLE,WALL_AVAILABLE,WALL_ANALYSIS_VERIFIED,MATURITY_MONTH_ONLY_EXACT_EXPIRY_NOT_AVAILABLE,MAX_OI_LOWEST_STRIKE_REPRESENTATIVE_ALL_CANDIDATES_PRESERVED,1.4680105875580112,1.3609041351395526,-35.0,0.0,2253.0,20.0,114.27999999999996,20.200806052464102,,-95.72000000000004,-16.920031110796863,,MIN_RETAINED_MATURITY_MONTH_NOT_BEFORE_TRADE_MONTH,565.72,pykrx,kr_kospi200_index_daily,PIT_SAFE_EOD_T_PLUS_1
2025-12-03,2025-12,OFFICIAL_DATA_GO_KR_2020_PRESENT,UNSPECIFIED_BY_SOURCE,data_go_kr,302701,457301,341421,323007,680.0,500.0,16448,10595,4623.0,9148.0,1,1,680,500,False,False,WALL_AVAILABLE,WALL_AVAILABLE,WALL_ANALYSIS_VERIFIED,MATURITY_MONTH_ONLY_EXACT_EXPIRY_NOT_AVAILABLE,MAX_OI_LOWEST_STRIKE_REPRESENTATIVE_ALL_CANDIDATES_PRESERVED,1.5107350157416064,0.946066586413841,-931.0,0.0,-1232.0,30.0,109.21000000000004,19.13313127419893,,-70.78999999999996,-12.402109357206667,,MIN_RETAINED_MATURITY_MONTH_NOT_BEFORE_TRADE_MONTH,570.79,pykrx,kr_kospi200_index_daily,PIT_SAFE_EOD_T_PLUS_1
2025-12-04,2025-12,OFFICIAL_DATA_GO_KR_2020_PRESENT,UNSPECIFIED_BY_SOURCE,data_go_kr,306694,452726,279619,277689,680.0,450.0,16104,9907,948.0,2512.0,1,1,680,450,False,False,WALL_AVAILABLE,WALL_AVAILABLE,WALL_ANALYSIS_VERIFIED,MATURITY_MONTH_ONLY_EXACT_EXPIRY_NOT_AVAILABLE,MAX_OI_LOWEST_STRIKE_REPRESENTATIVE_ALL_CANDIDATES_PRESERVED,1.476148864992468,0.9930977508681456,-344.0,0.0,-688.0,-50.0,110.25,19.350592365072394,,-119.75,-21.017990346643263,,MIN_RETAINED_MATURITY_MONTH_NOT_BEFORE_TRADE_MONTH,569.75,pykrx,kr_kospi200_index_daily,PIT_SAFE_EOD_T_PLUS_1
2025-12-05,2025-12,OFFICIAL_DATA_GO_KR_2020_PRESENT,UNSPECIFIED_BY_SOURCE,data_go_kr,306905,469574,454927,425479,680.0,450.0,16554,9525,2606.0,1350.0,1,1,680,450,False,False,WALL_AVAILABLE,WALL_AVAILABLE,WALL_ANALYSIS_VERIFIED,MATURITY_MONTH_ONLY_EXACT_EXPIRY_NOT_AVAILABLE,MAX_OI_LOWEST_STRIKE_REPRESENTATIVE_ALL_CANDIDATES_PRESERVED,1.530030465453479,0.9352687354234857,450.0,0.0,-382.0,0.0,99.19000000000004,17.07787400354679,,-130.80999999999997,-22.52199514471169,,MIN_RETAINED_MATURITY_MONTH_NOT_BEFORE_TRADE_MONTH,580.81,pykrx,kr_kospi200_index_daily,PIT_SAFE_EOD_T_PLUS_1
2025-12-08,2025-12,OFFICIAL_DATA_GO_KR_2020_PRESENT,UNSPECIFIED_BY_SOURCE,data_go_kr,314551,478988,548891,426388,680.0,300.0,16904,9309,5652.0,0.0,1,1,680,300,False,False,WALL_AVAILABLE,WALL_AVAILABLE,WALL_ANALYSIS_VERIFIED,MATURITY_MONTH_ONLY_EXACT_EXPIRY_NOT_AVAILABLE,MAX_OI_LOWEST_STRIKE_REPRESENTATIVE_ALL_CANDIDATES_PRESERVED,1.522767373176369,0.7768172551563061,350.0,0.0,-216.0,-150.0,90.83000000000004,15.41660301780472,,-289.17,-49.08091043332144,,MIN_RETAINED_MATURITY_MONTH_NOT_BEFORE_TRADE_MONTH,589.17,pykrx,kr_kospi200_index_daily,PIT_SAFE_EOD_T_PLUS_1
2025-12-09,2025-12,OFFICIAL_DATA_GO_KR_2020_PRESENT,UNSPECIFIED_BY_SOURCE,data_go_kr,327794,489593,641431,538365,680.0,300.0,16850,9309,199.0,0.0,1,1,680,300,False,False,WALL_AVAILABLE,WALL_AVAILABLE,WALL_ANALYSIS_VERIFIED,MATURITY_MONTH_ONLY_EXACT_EXPIRY_NOT_AVAILABLE,MAX_OI_LOWEST_STRIKE_REPRESENTATIVE_ALL_CANDIDATES_PRESERVED,1.4935996387975374,0.8393186484594601,-54.0,0.0,0.0,0.0,94.24,16.088500409724116,,-285.76,-48.784485113357,,MIN_RETAINED_MATURITY_MONTH_NOT_BEFORE_TRADE_MONTH,585.76,pykrx,kr_kospi200_index_daily,PIT_SAFE_EOD_T_PLUS_1
2025-12-10,2025-12,OFFICIAL_DATA_GO_KR_2020_PRESENT,UNSPECIFIED_BY_SOURCE,data_go_kr,340452,512385,906369,811303,610.0,300.0,18792,9309,32147.0,0.0,1,1,610,300,False,False,WALL_AVAILABLE,WALL_AVAILABLE,WALL_ANALYSIS_VERIFIED,MATURITY_MONTH_ONLY_EXACT_EXPIRY_NOT_AVAILABLE,MAX_OI_LOWEST_STRIKE_REPRESENTATIVE_ALL_CANDIDATES_PRESERVED,1.5050139226675123,0.8951133589079061,1942.0,-70.0,0.0,0.0,24.48000000000001,4.180899029922114,,-285.52,-48.76349228036617,,MIN_RETAINED_MATURITY_MONTH_NOT_BEFORE_TRADE_MONTH,585.52,pykrx,kr_kospi200_index_daily,PIT_SAFE_EOD_T_PLUS_1
2025-12-11,2025-12,OFFICIAL_DATA_GO_KR_2020_PRESENT,UNSPECIFIED_BY_SOURCE,data_go_kr,0,0,1553264,1649858,,,0,0,,,205,205,170|172.5|175|177.5|180|182.5|185|187.5|190|192.5|195|197.5|200|202.5|205|207.5|210|212.5|215|217.5|220|222.5|225|227.5|230|232.5|235|237.5|240|242.5|245|247.5|250|252.5|255|257.5|260|262.5|265|267.5|270|272.5|275|277.5|280|282.5|285|287.5|290|292.5|295|297.5|300|302.5|305|307.5|310|312.5|315|317.5|320|322.5|325|327.5|330|332.5|335|337.5|340|342.5|345|347.5|350|352.5|355|357.5|360|362.5|365|367.5|370|372.5|375|377.5|380|382.5|385|387.5|390|392.5|395|397.5|400|402.5|405|407.5|410|412.5|415|417.5|420|422.5|425|427.5|430|432.5|435|437.5|440|442.5|445|447.5|450|452.5|455|457.5|460|462.5|465|467.5|470|472.5|475|477.5|480|482.5|485|487.5|490|492.5|495|497.5|500|502.5|505|507.5|510|512.5|515|517.5|520|522.5|525|527.5|530|532.5|535|537.5|540|542.5|545|547.5|550|552.5|555|557.5|560|562.5|565|567.5|570|572.5|575|577.5|580|582.5|585|587.5|590|592.5|595|597.5|600|602.5|605|607.5|610|612.5|615|617.5|620|622.5|625|627.5|630|632.5|635|637.5|640|642.5|645|647.5|650|652.5|655|657.5|660|662.5|665|667.5|670|672.5|675|677.5|680,170|172.5|175|177.5|180|182.5|185|187.5|190|192.5|195|197.5|200|202.5|205|207.5|210|212.5|215|217.5|220|222.5|225|227.5|230|232.5|235|237.5|240|242.5|245|247.5|250|252.5|255|257.5|260|262.5|265|267.5|270|272.5|275|277.5|280|282.5|285|287.5|290|292.5|295|297.5|300|302.5|305|307.5|310|312.5|315|317.5|320|322.5|325|327.5|330|332.5|335|337.5|340|342.5|345|347.5|350|352.5|355|357.5|360|362.5|365|367.5|370|372.5|375|377.5|380|382.5|385|387.5|390|392.5|395|397.5|400|402.5|405|407.5|410|412.5|415|417.5|420|422.5|425|427.5|430|432.5|435|437.5|440|442.5|445|447.5|450|452.5|455|457.5|460|462.5|465|467.5|470|472.5|475|477.5|480|482.5|485|487.5|490|492.5|495|497.5|500|502.5|505|507.5|510|512.5|515|517.5|520|522.5|525|527.5|530|532.5|535|537.5|540|542.5|545|547.5|550|552.5|555|557.5|560|562.5|565|567.5|570|572.5|575|577.5|580|582.5|585|587.5|590|592.5|595|597.5|600|602.5|605|607.5|610|612.5|615|617.5|620|622.5|625|627.5|630|632.5|635|637.5|640|642.5|645|647.5|650|652.5|655|657.5|660|662.5|665|667.5|670|672.5|675|677.5|680,True,True,NO_OPEN_INTEREST,NO_OPEN_INTEREST,WALL_ANALYSIS_VERIFIED,MATURITY_MONTH_ONLY_EXACT_EXPIRY_NOT_AVAILABLE,MAX_OI_LOWEST_STRIKE_REPRESENTATIVE_ALL_CANDIDATES_PRESERVED,,1.0621877543031963,-18792.0,,-9309.0,,,,,,,,MIN_RETAINED_MATURITY_MONTH_NOT_BEFORE_TRADE_MONTH,580.16,pykrx,kr_kospi200_index_daily,PIT_SAFE_EOD_T_PLUS_1
2025-12-12,2026-01,OFFICIAL_DATA_GO_KR_2020_PRESENT,UNSPECIFIED_BY_SOURCE,data_go_kr,122823,140984,132671,159782,600.0,540.0,11376,6508,4878.0,3970.0,1,1,600,540,False,False,WALL_AVAILABLE,WALL_AVAILABLE,WALL_ANALYSIS_VERIFIED,MATURITY_MONTH_ONLY_EXACT_EXPIRY_NOT_AVAILABLE,MAX_OI_LOWEST_STRIKE_REPRESENTATIVE_ALL_CANDIDATES_PRESERVED,1.147863185234036,1.2043475966865405,692.0,0.0,133.0,0.0,12.07000000000005,2.0529654890888427,,-47.92999999999995,-8.152331059820039,,MIN_RETAINED_MATURITY_MONTH_NOT_BEFORE_TRADE_MONTH,587.93,pykrx,kr_kospi200_index_daily,PIT_SAFE_EOD_T_PLUS_1
2025-12-15,2026-01,OFFICIAL_DATA_GO_KR_2020_PRESENT,UNSPECIFIED_BY_SOURCE,data_go_kr,134831,164738,149857,154075,630.0,540.0,12976,6598,12159.0,5285.0,1,1,630,540,False,False,WALL_AVAILABLE,WALL_AVAILABLE,WALL_ANALYSIS_VERIFIED,MATURITY_MONTH_ONLY_EXACT_EXPIRY_NOT_AVAILABLE,MAX_OI_LOWEST_STRIKE_REPRESENTATIVE_ALL_CANDIDATES_PRESERVED,1.2218110078542768,1.0281468333144264,1600.0,30.0,90.0,0.0,55.50999999999999,9.662483246009511,,-34.49000000000001,-6.003585789134713,,MIN_RETAINED_MATURITY_MONTH_NOT_BEFORE_TRADE_MONTH,574.49,pykrx,kr_kospi200_index_daily,PIT_SAFE_EOD_T_PLUS_1
2025-12-16,2026-01,OFFICIAL_DATA_GO_KR_2020_PRESENT,UNSPECIFIED_BY_SOURCE,data_go_kr,159480,180532,198190,235426,600.0,540.0,14065,6782,10782.0,7945.0,1,1,600,540,False,False,WALL_AVAILABLE,WALL_AVAILABLE,WALL_ANALYSIS_VERIFIED,MATURITY_MONTH_ONLY_EXACT_EXPIRY_NOT_AVAILABLE,MAX_OI_LOWEST_STRIKE_REPRESENTATIVE_ALL_CANDIDATES_PRESERVED,1.1320040130423878,1.1878803168676522,1089.0,-30.0,184.0,0.0,38.48000000000002,6.852828038182079,,-21.519999999999985,-3.832454765636129,,MIN_RETAINED_MATURITY_MONTH_NOT_BEFORE_TRADE_MONTH,561.52,pykrx,kr_kospi200_index_daily,PIT_SAFE_EOD_T_PLUS_1
2025-12-17,2026-01,OFFICIAL_DATA_GO_KR_2020_PRESENT,UNSPECIFIED_BY_SOURCE,data_go_kr,169042,191338,173191,195192,630.0,540.0,14880,7006,8195.0,7457.0,1,1,630,540,False,False,WALL_AVAILABLE,WALL_AVAILABLE,WALL_ANALYSIS_VERIFIED,MATURITY_MONTH_ONLY_EXACT_EXPIRY_NOT_AVAILABLE,MAX_OI_LOWEST_STRIKE_REPRESENTATIVE_ALL_CANDIDATES_PRESERVED,1.131896215141799,1.127033159921705,815.0,30.0,224.0,0.0,57.38,10.020607034333404,,-32.620000000000005,-5.696622541999929,,MIN_RETAINED_MATURITY_MONTH_NOT_BEFORE_TRADE_MONTH,572.62,pykrx,kr_kospi200_index_daily,PIT_SAFE_EOD_T_PLUS_1
2025-12-18,2026-01,OFFICIAL_DATA_GO_KR_2020_PRESENT,UNSPECIFIED_BY_SOURCE,data_go_kr,178993,196435,176554,171651,630.0,540.0,14618,7222,5185.0,7814.0,1,1,630,540,False,False,WALL_AVAILABLE,WALL_AVAILABLE,WALL_ANALYSIS_VERIFIED,MATURITY_MONTH_ONLY_EXACT_EXPIRY_NOT_AVAILABLE,MAX_OI_LOWEST_STRIKE_REPRESENTATIVE_ALL_CANDIDATES_PRESERVED,1.097445151486371,0.9722294595421233,-262.0,0.0,216.0,0.0,64.35000000000002,11.376292760540974,,-25.649999999999977,-4.534606205250591,,MIN_RETAINED_MATURITY_MONTH_NOT_BEFORE_TRADE_MONTH,565.65,pykrx,kr_kospi200_index_daily,PIT_SAFE_EOD_T_PLUS_1
2025-12-19,2026-01,OFFICIAL_DATA_GO_KR_2020_PRESENT,UNSPECIFIED_BY_SOURCE,data_go_kr,182179,203038,145575,163303,630.0,540.0,14842,7031,6582.0,5483.0,1,1,630,540,False,False,WALL_AVAILABLE,WALL_AVAILABLE,WALL_ANALYSIS_VERIFIED,MATURITY_MONTH_ONLY_EXACT_EXPIRY_NOT_AVAILABLE,MAX_OI_LOWEST_STRIKE_REPRESENTATIVE_ALL_CANDIDATES_PRESERVED,1.1144972801475472,1.1217791516400482,224.0,0.0,-191.0,0.0,61.60000000000002,10.83743842364533,,-28.399999999999977,-4.996481351161153,,MIN_RETAINED_MATURITY_MONTH_NOT_BEFORE_TRADE_MONTH,568.4,pykrx,kr_kospi200_index_daily,PIT_SAFE_EOD_T_PLUS_1
2025-12-22,2026-01,OFFICIAL_DATA_GO_KR_2020_PRESENT,UNSPECIFIED_BY_SOURCE,data_go_kr,173502,215146,132821,152932,630.0,540.0,15412,7688,7628.0,6876.0,1,1,630,540,False,False,WALL_AVAILABLE,WALL_AVAILABLE,WALL_ANALYSIS_VERIFIED,MATURITY_MONTH_ONLY_EXACT_EXPIRY_NOT_AVAILABLE,MAX_OI_LOWEST_STRIKE_REPRESENTATIVE_ALL_CANDIDATES_PRESERVED,1.240020287950571,1.151414309484193,570.0,0.0,657.0,0.0,47.26999999999998,8.111818509429746,,-42.73000000000002,-7.33272699191736,,MIN_RETAINED_MATURITY_MONTH_NOT_BEFORE_TRADE_MONTH,582.73,pykrx,kr_kospi200_index_daily,PIT_SAFE_EOD_T_PLUS_1
2025-12-23,2026-01,OFFICIAL_DATA_GO_KR_2020_PRESENT,UNSPECIFIED_BY_SOURCE,data_go_kr,174676,232851,148776,163315,630.0,540.0,15230,8822,9318.0,6863.0,1,1,630,540,False,False,WALL_AVAILABLE,WALL_AVAILABLE,WALL_ANALYSIS_VERIFIED,MATURITY_MONTH_ONLY_EXACT_EXPIRY_NOT_AVAILABLE,MAX_OI_LOWEST_STRIKE_REPRESENTATIVE_ALL_CANDIDATES_PRESERVED,1.3330451807918662,1.0977240952841856,-182.0,0.0,1134.0,0.0,45.360000000000014,7.758620689655182,,-44.63999999999999,-7.635467980295562,,MIN_RETAINED_MATURITY_MONTH_NOT_BEFORE_TRADE_MONTH,584.64,pykrx,kr_kospi200_index_daily,PIT_SAFE_EOD_T_PLUS_1
2025-12-24,2026-01,OFFICIAL_DATA_GO_KR_2020_PRESENT,UNSPECIFIED_BY_SOURCE,data_go_kr,180867,238114,124923,146985,600.0,540.0,16290,9356,8794.0,7374.0,1,1,600,540,False,False,WALL_AVAILABLE,WALL_AVAILABLE,WALL_ANALYSIS_VERIFIED,MATURITY_MONTH_ONLY_EXACT_EXPIRY_NOT_AVAILABLE,MAX_OI_LOWEST_STRIKE_REPRESENTATIVE_ALL_CANDIDATES_PRESERVED,1.316514344794794,1.1766047885497466,1060.0,-30.0,534.0,0.0,15.789999999999964,2.702795227743437,,-44.21000000000004,-7.567484295030901,,MIN_RETAINED_MATURITY_MONTH_NOT_BEFORE_TRADE_MONTH,584.21,pykrx,kr_kospi200_index_daily,PIT_SAFE_EOD_T_PLUS_1
2025-12-26,2026-01,OFFICIAL_DATA_GO_KR_2020_PRESENT,UNSPECIFIED_BY_SOURCE,data_go_kr,184117,251911,184881,169511,600.0,540.0,16755,9876,7588.0,6997.0,1,1,600,540,False,False,WALL_AVAILABLE,WALL_AVAILABLE,WALL_ANALYSIS_VERIFIED,MATURITY_MONTH_ONLY_EXACT_EXPIRY_NOT_AVAILABLE,MAX_OI_LOWEST_STRIKE_REPRESENTATIVE_ALL_CANDIDATES_PRESERVED,1.36821151767626,0.9168654431769624,465.0,0.0,520.0,0.0,9.91999999999996,1.6811279826464132,,-50.08000000000004,-8.486984815618225,,MIN_RETAINED_MATURITY_MONTH_NOT_BEFORE_TRADE_MONTH,590.08,pykrx,kr_kospi200_index_daily,PIT_SAFE_EOD_T_PLUS_1
2025-12-29,2026-01,OFFICIAL_DATA_GO_KR_2020_PRESENT,UNSPECIFIED_BY_SOURCE,data_go_kr,181960,277241,253640,254792,600.0,540.0,15489,10285,8611.0,9210.0,1,1,600,540,False,False,WALL_AVAILABLE,WALL_AVAILABLE,WALL_ANALYSIS_VERIFIED,MATURITY_MONTH_ONLY_EXACT_EXPIRY_NOT_AVAILABLE,MAX_OI_LOWEST_STRIKE_REPRESENTATIVE_ALL_CANDIDATES_PRESERVED,1.5236370630907892,1.00454187036745,-1266.0,0.0,409.0,0.0,-5.690000000000055,-0.9394244580561152,,-65.69000000000005,-10.845482012250496,,MIN_RETAINED_MATURITY_MONTH_NOT_BEFORE_TRADE_MONTH,605.69,pykrx,kr_kospi200_index_daily,PIT_SAFE_EOD_T_PLUS_1
2025-12-30,2026-01,OFFICIAL_DATA_GO_KR_2020_PRESENT,UNSPECIFIED_BY_SOURCE,data_go_kr,177014,290361,256273,215102,600.0,540.0,12114,9525,7453.0,6107.0,1,1,600,540,False,False,WALL_AVAILABLE,WALL_AVAILABLE,WALL_ANALYSIS_VERIFIED,MATURITY_MONTH_ONLY_EXACT_EXPIRY_NOT_AVAILABLE,MAX_OI_LOWEST_STRIKE_REPRESENTATIVE_ALL_CANDIDATES_PRESERVED,1.6403278836702182,0.8393471025039704,-3375.0,0.0,-760.0,0.0,-5.980000000000018,-0.9868312485560636,,-65.98000000000002,-10.88814812370046,,MIN_RETAINED_MATURITY_MONTH_NOT_BEFORE_TRADE_MONTH,605.98,pykrx,kr_kospi200_index_daily,PIT_SAFE_EOD_T_PLUS_1
2026-01-02,2026-01,OFFICIAL_DATA_GO_KR_2020_PRESENT,UNSPECIFIED_BY_SOURCE,data_go_kr,176464,306181,366237,377757,600.0,540.0,11360,10486,1492.0,8136.0,1,1,600,540,False,False,WALL_AVAILABLE,WALL_AVAILABLE,WALL_ANALYSIS_VERIFIED,MATURITY_MONTH_ONLY_EXACT_EXPIRY_NOT_AVAILABLE,MAX_OI_LOWEST_STRIKE_REPRESENTATIVE_ALL_CANDIDATES_PRESERVED,1.7350904433765528,1.0314550414076131,-754.0,0.0,961.0,0.0,-24.16999999999996,-3.872342470801216,,-84.16999999999996,-13.4851082237211,,MIN_RETAINED_MATURITY_MONTH_NOT_BEFORE_TRADE_MONTH,624.17,pykrx,kr_kospi200_index_daily,PIT_SAFE_EOD_T_PLUS_1
2026-01-05,2026-01,OFFICIAL_DATA_GO_KR_2020_PRESENT,UNSPECIFIED_BY_SOURCE,data_go_kr,190215,327250,539809,472291,600.0,540.0,11082,9293,380.0,3720.0,1,1,600,540,False,False,WALL_AVAILABLE,WALL_AVAILABLE,WALL_ANALYSIS_VERIFIED,MATURITY_MONTH_ONLY_EXACT_EXPIRY_NOT_AVAILABLE,MAX_OI_LOWEST_STRIKE_REPRESENTATIVE_ALL_CANDIDATES_PRESERVED,1.720421628157611,0.8749224262655866,-278.0,0.0,-1193.0,0.0,-48.74000000000001,-7.513025248944105,,-108.74,-16.761722724049697,,MIN_RETAINED_MATURITY_MONTH_NOT_BEFORE_TRADE_MONTH,648.74,pykrx,kr_kospi200_index_daily,PIT_SAFE_EOD_T_PLUS_1
2026-01-06,2026-01,OFFICIAL_DATA_GO_KR_2020_PRESENT,UNSPECIFIED_BY_SOURCE,data_go_kr,222427,361001,1224914,876676,600.0,540.0,11013,9229,182.0,599.0,1,1,600,540,False,False,WALL_AVAILABLE,WALL_AVAILABLE,WALL_ANALYSIS_VERIFIED,MATURITY_MONTH_ONLY_EXACT_EXPIRY_NOT_AVAILABLE,MAX_OI_LOWEST_STRIKE_REPRESENTATIVE_ALL_CANDIDATES_PRESERVED,1.623008897301137,0.7157041229016894,-69.0,0.0,-64.0,0.0,-59.450000000000045,-9.015088331185083,,-119.45000000000005,-18.11357949806657,,MIN_RETAINED_MATURITY_MONTH_NOT_BEFORE_TRADE_MONTH,659.45,pykrx,kr_kospi200_index_daily,PIT_SAFE_EOD_T_PLUS_1
2026-01-07,2026-01,OFFICIAL_DATA_GO_KR_2020_PRESENT,UNSPECIFIED_BY_SOURCE,data_go_kr,249190,390965,1233094,1136791,600.0,540.0,10979,9255,151.0,2000.0,1,1,600,540,False,False,WALL_AVAILABLE,WALL_AVAILABLE,WALL_ANALYSIS_VERIFIED,MATURITY_MONTH_ONLY_EXACT_EXPIRY_NOT_AVAILABLE,MAX_OI_LOWEST_STRIKE_REPRESENTATIVE_ALL_CANDIDATES_PRESERVED,1.5689433765399896,0.9219013311231748,-34.0,0.0,26.0,0.0,-64.48000000000002,-9.70382855766916,,-124.48000000000002,-18.73344570190224,,MIN_RETAINED_MATURITY_MONTH_NOT_BEFORE_TRADE_MONTH,664.48,pykrx,kr_kospi200_index_daily,PIT_SAFE_EOD_T_PLUS_1
2026-01-08,2026-01,OFFICIAL_DATA_GO_KR_2020_PRESENT,UNSPECIFIED_BY_SOURCE,data_go_kr,0,0,2227325,2039013,,,0,0,,,179,179,300|302.5|305|307.5|310|312.5|315|317.5|320|322.5|325|327.5|330|332.5|335|337.5|340|342.5|345|347.5|350|352.5|355|357.5|360|362.5|365|367.5|370|372.5|375|377.5|380|382.5|385|387.5|390|392.5|395|397.5|400|402.5|405|407.5|410|412.5|415|417.5|420|422.5|425|427.5|430|432.5|435|437.5|440|442.5|445|447.5|450|452.5|455|457.5|460|462.5|465|467.5|470|472.5|475|477.5|480|482.5|485|487.5|490|492.5|495|497.5|500|502.5|505|507.5|510|512.5|515|517.5|520|522.5|525|527.5|530|532.5|535|537.5|540|542.5|545|547.5|550|552.5|555|557.5|560|562.5|565|567.5|570|572.5|575|577.5|580|582.5|585|587.5|590|592.5|595|597.5|600|602.5|605|607.5|610|612.5|615|617.5|620|622.5|625|627.5|630|632.5|635|637.5|640|642.5|645|647.5|650|652.5|655|657.5|660|662.5|665|667.5|670|672.5|675|677.5|680|682.5|685|687.5|690|692.5|695|697.5|700|702.5|705|707.5|710|712.5|715|717.5|720|722.5|725|727.5|730|732.5|735|737.5|740|742.5|745,300|302.5|305|307.5|310|312.5|315|317.5|320|322.5|325|327.5|330|332.5|335|337.5|340|342.5|345|347.5|350|352.5|355|357.5|360|362.5|365|367.5|370|372.5|375|377.5|380|382.5|385|387.5|390|392.5|395|397.5|400|402.5|405|407.5|410|412.5|415|417.5|420|422.5|425|427.5|430|432.5|435|437.5|440|442.5|445|447.5|450|452.5|455|457.5|460|462.5|465|467.5|470|472.5|475|477.5|480|482.5|485|487.5|490|492.5|495|497.5|500|502.5|505|507.5|510|512.5|515|517.5|520|522.5|525|527.5|530|532.5|535|537.5|540|542.5|545|547.5|550|552.5|555|557.5|560|562.5|565|567.5|570|572.5|575|577.5|580|582.5|585|587.5|590|592.5|595|597.5|600|602.5|605|607.5|610|612.5|615|617.5|620|622.5|625|627.5|630|632.5|635|637.5|640|642.5|645|647.5|650|652.5|655|657.5|660|662.5|665|667.5|670|672.5|675|677.5|680|682.5|685|687.5|690|692.5|695|697.5|700|702.5|705|707.5|710|712.5|715|717.5|720|722.5|725|727.5|730|732.5|735|737.5|740|742.5|745,True,True,NO_OPEN_INTEREST,NO_OPEN_INTEREST,WALL_ANALYSIS_VERIFIED,MATURITY_MONTH_ONLY_EXACT_EXPIRY_NOT_AVAILABLE,MAX_OI_LOWEST_STRIKE_REPRESENTATIVE_ALL_CANDIDATES_PRESERVED,,0.9154537393510151,-10979.0,,-9255.0,,,,,,,,MIN_RETAINED_MATURITY_MONTH_NOT_BEFORE_TRADE_MONTH,664.18,pykrx,kr_kospi200_index_daily,PIT_SAFE_EOD_T_PLUS_1
2026-01-09,2026-02,OFFICIAL_DATA_GO_KR_2020_PRESENT,UNSPECIFIED_BY_SOURCE,data_go_kr,89398,170121,67633,194770,700.0,560.0,10037,7213,2712.0,5482.0,1,1,700,560,False,False,WALL_AVAILABLE,WALL_AVAILABLE,WALL_ANALYSIS_VERIFIED,MATURITY_MONTH_ONLY_EXACT_EXPIRY_NOT_AVAILABLE,MAX_OI_LOWEST_STRIKE_REPRESENTATIVE_ALL_CANDIDATES_PRESERVED,1.9029620349448533,2.87980719471264,1319.0,0.0,-108.0,0.0,31.75,4.751215862326963,,-108.25,-16.199027310138426,,MIN_RETAINED_MATURITY_MONTH_NOT_BEFORE_TRADE_MONTH,668.25,pykrx,kr_kospi200_index_daily,PIT_SAFE_EOD_T_PLUS_1
2026-01-12,2026-02,OFFICIAL_DATA_GO_KR_2020_PRESENT,UNSPECIFIED_BY_SOURCE,data_go_kr,96850,194697,61127,163727,700.0,560.0,10177,8116,887.0,4422.0,1,1,700,560,False,False,WALL_AVAILABLE,WALL_AVAILABLE,WALL_ANALYSIS_VERIFIED,MATURITY_MONTH_ONLY_EXACT_EXPIRY_NOT_AVAILABLE,MAX_OI_LOWEST_STRIKE_REPRESENTATIVE_ALL_CANDIDATES_PRESERVED,2.010294269488901,2.678472688010208,140.0,0.0,903.0,0.0,27.139999999999983,4.033528520048746,,-112.86,-16.773177183961007,,MIN_RETAINED_MATURITY_MONTH_NOT_BEFORE_TRADE_MONTH,672.86,pykrx,kr_kospi200_index_daily,PIT_SAFE_EOD_T_PLUS_1
2026-01-13,2026-02,OFFICIAL_DATA_GO_KR_2020_PRESENT,UNSPECIFIED_BY_SOURCE,data_go_kr,102603,208336,56564,131462,700.0,560.0,10170,8840,915.0,4328.0,1,1,700,560,False,False,WALL_AVAILABLE,WALL_AVAILABLE,WALL_ANALYSIS_VERIFIED,MATURITY_MONTH_ONLY_EXACT_EXPIRY_NOT_AVAILABLE,MAX_OI_LOWEST_STRIKE_REPRESENTATIVE_ALL_CANDIDATES_PRESERVED,2.03050593062581,2.324128420903755,-7.0,0.0,724.0,0.0,19.289999999999964,2.833805879155582,,-120.71000000000004,-17.732955296675534,,MIN_RETAINED_MATURITY_MONTH_NOT_BEFORE_TRADE_MONTH,680.71,pykrx,kr_kospi200_index_daily,PIT_SAFE_EOD_T_PLUS_1
2026-01-14,2026-02,OFFICIAL_DATA_GO_KR_2020_PRESENT,UNSPECIFIED_BY_SOURCE,data_go_kr,108896,223857,50523,117499,700.0,560.0,10392,9074,1430.0,2519.0,1,1,700,560,False,False,WALL_AVAILABLE,WALL_AVAILABLE,WALL_ANALYSIS_VERIFIED,MATURITY_MONTH_ONLY_EXACT_EXPIRY_NOT_AVAILABLE,MAX_OI_LOWEST_STRIKE_REPRESENTATIVE_ALL_CANDIDATES_PRESERVED,2.0556953423449897,2.3256536626882807,222.0,0.0,234.0,0.0,14.240000000000007,2.076528231451236,,-125.76,-18.33877741483901,,MIN_RETAINED_MATURITY_MONTH_NOT_BEFORE_TRADE_MONTH,685.76,pykrx,kr_kospi200_index_daily,PIT_SAFE_EOD_T_PLUS_1
2026-01-15,2026-02,OFFICIAL_DATA_GO_KR_2020_PRESENT,UNSPECIFIED_BY_SOURCE,data_go_kr,113753,251825,79227,209004,700.0,560.0,10558,9085,1653.0,7779.0,1,1,700,560,False,False,WALL_AVAILABLE,WALL_AVAILABLE,WALL_ANALYSIS_VERIFIED,MATURITY_MONTH_ONLY_EXACT_EXPIRY_NOT_AVAILABLE,MAX_OI_LOWEST_STRIKE_REPRESENTATIVE_ALL_CANDIDATES_PRESERVED,2.213787768234684,2.6380400621000417,166.0,0.0,11.0,0.0,3.6100000000000136,0.5183876850615388,,-136.39,-19.585289851950773,,MIN_RETAINED_MATURITY_MONTH_NOT_BEFORE_TRADE_MONTH,696.39,pykrx,kr_kospi200_index_daily,PIT_SAFE_EOD_T_PLUS_1
2026-01-16,2026-02,OFFICIAL_DATA_GO_KR_2020_PRESENT,UNSPECIFIED_BY_SOURCE,data_go_kr,120103,263710,77291,154442,700.0,560.0,10569,9280,1553.0,4378.0,1,1,700,560,False,False,WALL_AVAILABLE,WALL_AVAILABLE,WALL_ANALYSIS_VERIFIED,MATURITY_MONTH_ONLY_EXACT_EXPIRY_NOT_AVAILABLE,MAX_OI_LOWEST_STRIKE_REPRESENTATIVE_ALL_CANDIDATES_PRESERVED,2.195698691956072,1.9981886636218964,11.0,0.0,195.0,0.0,-4.639999999999986,-0.6584922797456816,,-144.64,-20.526793823796552,,MIN_RETAINED_MATURITY_MONTH_NOT_BEFORE_TRADE_MONTH,704.64,pykrx,kr_kospi200_index_daily,PIT_SAFE_EOD_T_PLUS_1
2026-01-19,2026-02,OFFICIAL_DATA_GO_KR_2020_PRESENT,UNSPECIFIED_BY_SOURCE,data_go_kr,135482,295350,98410,179288,740.0,600.0,11178,9902,9903.0,9503.0,1,1,740,600,False,False,WALL_AVAILABLE,WALL_AVAILABLE,WALL_ANALYSIS_VERIFIED,MATURITY_MONTH_ONLY_EXACT_EXPIRY_NOT_AVAILABLE,MAX_OI_LOWEST_STRIKE_REPRESENTATIVE_ALL_CANDIDATES_PRESERVED,2.1799943903987247,1.821847373234428,609.0,40.0,622.0,40.0,26.039999999999964,3.647263151997304,,-113.96000000000004,-15.961678525407583,,MIN_RETAINED_MATURITY_MONTH_NOT_BEFORE_TRADE_MONTH,713.96,pykrx,kr_kospi200_index_daily,PIT_SAFE_EOD_T_PLUS_1
2026-01-20,2026-02,OFFICIAL_DATA_GO_KR_2020_PRESENT,UNSPECIFIED_BY_SOURCE,data_go_kr,147322,310308,88692,160982,740.0,600.0,11178,9886,1520.0,8130.0,1,1,740,600,False,False,WALL_AVAILABLE,WALL_AVAILABLE,WALL_ANALYSIS_VERIFIED,MATURITY_MONTH_ONLY_EXACT_EXPIRY_NOT_AVAILABLE,MAX_OI_LOWEST_STRIKE_REPRESENTATIVE_ALL_CANDIDATES_PRESERVED,2.106324920921519,1.8150678753438867,0.0,0.0,-16.0,0.0,31.519999999999985,4.448961156278219,,-108.48000000000002,-15.311653116531163,,MIN_RETAINED_MATURITY_MONTH_NOT_BEFORE_TRADE_MONTH,708.48,pykrx,kr_kospi200_index_daily,PIT_SAFE_EOD_T_PLUS_1
2026-01-21,2026-02,OFFICIAL_DATA_GO_KR_2020_PRESENT,UNSPECIFIED_BY_SOURCE,data_go_kr,152264,311553,104852,203142,740.0,600.0,11363,9585,2411.0,10410.0,1,1,740,600,False,False,WALL_AVAILABLE,WALL_AVAILABLE,WALL_ANALYSIS_VERIFIED,MATURITY_MONTH_ONLY_EXACT_EXPIRY_NOT_AVAILABLE,MAX_OI_LOWEST_STRIKE_REPRESENTATIVE_ALL_CANDIDATES_PRESERVED,2.04613697262649,1.9374165490405524,185.0,0.0,-301.0,0.0,25.059999999999945,3.5051892466500645,,-114.94000000000004,-16.076873583797248,,MIN_RETAINED_MATURITY_MONTH_NOT_BEFORE_TRADE_MONTH,714.94,pykrx,kr_kospi200_index_daily,PIT_SAFE_EOD_T_PLUS_1
2026-01-22,2026-02,OFFICIAL_DATA_GO_KR_2020_PRESENT,UNSPECIFIED_BY_SOURCE,data_go_kr,151644,324064,82896,259987,740.0,600.0,11482,9819,1650.0,10152.0,1,1,740,600,False,False,WALL_AVAILABLE,WALL_AVAILABLE,WALL_ANALYSIS_VERIFIED,MATURITY_MONTH_ONLY_EXACT_EXPIRY_NOT_AVAILABLE,MAX_OI_LOWEST_STRIKE_REPRESENTATIVE_ALL_CANDIDATES_PRESERVED,2.137005090870724,3.136303319822428,119.0,0.0,234.0,0.0,17.700000000000045,2.4505053301952184,,-122.29999999999995,-16.932022705247117,,MIN_RETAINED_MATURITY_MONTH_NOT_BEFORE_TRADE_MONTH,722.3,pykrx,kr_kospi200_index_daily,PIT_SAFE_EOD_T_PLUS_1
2026-01-23,2026-02,OFFICIAL_DATA_GO_KR_2020_PRESENT,UNSPECIFIED_BY_SOURCE,data_go_kr,155290,327202,84796,177578,740.0,600.0,11615,9790,1773.0,9080.0,1,1,740,600,False,False,WALL_AVAILABLE,WALL_AVAILABLE,WALL_ANALYSIS_VERIFIED,MATURITY_MONTH_ONLY_EXACT_EXPIRY_NOT_AVAILABLE,MAX_OI_LOWEST_STRIKE_REPRESENTATIVE_ALL_CANDIDATES_PRESERVED,2.107038444201172,2.094178970706165,133.0,0.0,-29.0,0.0,12.710000000000036,1.747583494891991,,-127.28999999999996,-17.501959328465944,,MIN_RETAINED_MATURITY_MONTH_NOT_BEFORE_TRADE_MONTH,727.29,pykrx,kr_kospi200_index_daily,PIT_SAFE_EOD_T_PLUS_1
2026-01-26,2026-02,OFFICIAL_DATA_GO_KR_2020_PRESENT,UNSPECIFIED_BY_SOURCE,data_go_kr,162058,334491,87326,137202,740.0,600.0,11863,9815,1592.0,5636.0,1,1,740,600,False,False,WALL_AVAILABLE,WALL_AVAILABLE,WALL_ANALYSIS_VERIFIED,MATURITY_MONTH_ONLY_EXACT_EXPIRY_NOT_AVAILABLE,MAX_OI_LOWEST_STRIKE_REPRESENTATIVE_ALL_CANDIDATES_PRESERVED,2.064020289032322,1.57114719556604,248.0,0.0,25.0,0.0,19.96000000000004,2.772068218432322,,-120.03999999999996,-16.67129603910893,,MIN_RETAINED_MATURITY_MONTH_NOT_BEFORE_TRADE_MONTH,720.04,pykrx,kr_kospi200_index_daily,PIT_SAFE_EOD_T_PLUS_1
2026-01-27,2026-02,OFFICIAL_DATA_GO_KR_2020_PRESENT,UNSPECIFIED_BY_SOURCE,data_go_kr,163520,334709,122143,224334,740.0,600.0,12033,9572,1841.0,9779.0,1,1,740,600,False,False,WALL_AVAILABLE,WALL_AVAILABLE,WALL_ANALYSIS_VERIFIED,MATURITY_MONTH_ONLY_EXACT_EXPIRY_NOT_AVAILABLE,MAX_OI_LOWEST_STRIKE_REPRESENTATIVE_ALL_CANDIDATES_PRESERVED,2.0468994618395304,1.836650483449727,170.0,0.0,-243.0,0.0,-5.129999999999996,-0.688470468240443,,-145.13,-19.47713821749225,,MIN_RETAINED_MATURITY_MONTH_NOT_BEFORE_TRADE_MONTH,745.13,pykrx,kr_kospi200_index_daily,PIT_SAFE_EOD_T_PLUS_1
2026-01-28,2026-02,OFFICIAL_DATA_GO_KR_2020_PRESENT,UNSPECIFIED_BY_SOURCE,data_go_kr,179902,342877,133426,161145,765.0,600.0,10692,9797,8856.0,6671.0,1,1,765,600,False,False,WALL_AVAILABLE,WALL_AVAILABLE,WALL_ANALYSIS_VERIFIED,MATURITY_MONTH_ONLY_EXACT_EXPIRY_NOT_AVAILABLE,MAX_OI_LOWEST_STRIKE_REPRESENTATIVE_ALL_CANDIDATES_PRESERVED,1.905909884270325,1.207748115060033,-1341.0,25.0,225.0,0.0,6.279999999999973,0.8277098270771832,,-158.72000000000003,-20.919443272880645,,MIN_RETAINED_MATURITY_MONTH_NOT_BEFORE_TRADE_MONTH,758.72,pykrx,kr_kospi200_index_daily,PIT_SAFE_EOD_T_PLUS_1
2026-01-29,2026-02,OFFICIAL_DATA_GO_KR_2020_PRESENT,UNSPECIFIED_BY_SOURCE,data_go_kr,186716,349267,121291,217310,765.0,600.0,10687,10230,1836.0,7565.0,1,1,765,600,False,False,WALL_AVAILABLE,WALL_AVAILABLE,WALL_ANALYSIS_VERIFIED,MATURITY_MONTH_ONLY_EXACT_EXPIRY_NOT_AVAILABLE,MAX_OI_LOWEST_STRIKE_REPRESENTATIVE_ALL_CANDIDATES_PRESERVED,1.870578847019002,1.7916415892358049,-5.0,0.0,433.0,0.0,-0.5900000000000318,-0.0770647474496843,,-165.59000000000003,-21.629070390156613,,MIN_RETAINED_MATURITY_MONTH_NOT_BEFORE_TRADE_MONTH,765.59,pykrx,kr_kospi200_index_daily,PIT_SAFE_EOD_T_PLUS_1
2026-01-30,2026-02,OFFICIAL_DATA_GO_KR_2020_PRESENT,UNSPECIFIED_BY_SOURCE,data_go_kr,188088,364690,111803,276093,765.0,700.0,10618,11366,888.0,7737.0,1,1,765,700,False,False,WALL_AVAILABLE,WALL_AVAILABLE,WALL_ANALYSIS_VERIFIED,MATURITY_MONTH_ONLY_EXACT_EXPIRY_NOT_AVAILABLE,MAX_OI_LOWEST_STRIKE_REPRESENTATIVE_ALL_CANDIDATES_PRESERVED,1.9389328399472587,2.469459674606227,-69.0,0.0,1136.0,100.0,-3.409999999999968,-0.4437735063312464,,-68.40999999999997,-8.902799286839059,,MIN_RETAINED_MATURITY_MONTH_NOT_BEFORE_TRADE_MONTH,768.41,pykrx,kr_kospi200_index_daily,PIT_SAFE_EOD_T_PLUS_1
2026-02-02,2026-02,OFFICIAL_DATA_GO_KR_2020_PRESENT,UNSPECIFIED_BY_SOURCE,data_go_kr,199242,351613,163001,296734,805.0,700.0,11593,11300,6103.0,4316.0,1,1,805,700,False,False,WALL_AVAILABLE,WALL_AVAILABLE,WALL_ANALYSIS_VERIFIED,MATURITY_MONTH_ONLY_EXACT_EXPIRY_NOT_AVAILABLE,MAX_OI_LOWEST_STRIKE_REPRESENTATIVE_ALL_CANDIDATES_PRESERVED,1.7647534154445348,1.8204428193692064,975.0,40.0,-66.0,0.0,79.53999999999996,10.96407796432608,,-25.46000000000004,-3.5094974223251474,,MIN_RETAINED_MATURITY_MONTH_NOT_BEFORE_TRADE_MONTH,725.46,pykrx,kr_kospi200_index_daily,PIT_SAFE_EOD_T_PLUS_1
2026-02-03,2026-02,OFFICIAL_DATA_GO_KR_2020_PRESENT,UNSPECIFIED_BY_SOURCE,data_go_kr,200163,356341,181984,248374,805.0,700.0,11457,11588,2663.0,4302.0,1,1,805,700,False,False,WALL_AVAILABLE,WALL_AVAILABLE,WALL_ANALYSIS_VERIFIED,MATURITY_MONTH_ONLY_EXACT_EXPIRY_NOT_AVAILABLE,MAX_OI_LOWEST_STRIKE_REPRESENTATIVE_ALL_CANDIDATES_PRESERVED,1.780254092914275,1.3648122911904343,-136.0,0.0,288.0,0.0,25.46000000000004,3.266028683582633,,-79.53999999999996,-10.2034533186238,,MIN_RETAINED_MATURITY_MONTH_NOT_BEFORE_TRADE_MONTH,779.54,pykrx,kr_kospi200_index_daily,PIT_SAFE_EOD_T_PLUS_1
2026-02-04,2026-02,OFFICIAL_DATA_GO_KR_2020_PRESENT,UNSPECIFIED_BY_SOURCE,data_go_kr,203648,364266,119284,218984,805.0,700.0,11469,13650,8417.0,6131.0,1,1,805,700,False,False,WALL_AVAILABLE,WALL_AVAILABLE,WALL_ANALYSIS_VERIFIED,MATURITY_MONTH_ONLY_EXACT_EXPIRY_NOT_AVAILABLE,MAX_OI_LOWEST_STRIKE_REPRESENTATIVE_ALL_CANDIDATES_PRESERVED,1.7887040383406665,1.8358203950236407,12.0,0.0,2062.0,0.0,14.620000000000005,1.849743161517248,,-90.38,-11.435005946506738,,MIN_RETAINED_MATURITY_MONTH_NOT_BEFORE_TRADE_MONTH,790.38,pykrx,kr_kospi200_index_daily,PIT_SAFE_EOD_T_PLUS_1
2026-02-05,2026-02,OFFICIAL_DATA_GO_KR_2020_PRESENT,UNSPECIFIED_BY_SOURCE,data_go_kr,206201,371026,162768,282233,805.0,700.0,11618,13989,2032.0,6893.0,1,1,805,700,False,False,WALL_AVAILABLE,WALL_AVAILABLE,WALL_ANALYSIS_VERIFIED,MATURITY_MONTH_ONLY_EXACT_EXPIRY_NOT_AVAILABLE,MAX_OI_LOWEST_STRIKE_REPRESENTATIVE_ALL_CANDIDATES_PRESERVED,1.799341419294766,1.733958763393296,149.0,0.0,339.0,0.0,48.04999999999996,6.347843318581137,,-56.950000000000045,-7.523614505581611,,MIN_RETAINED_MATURITY_MONTH_NOT_BEFORE_TRADE_MONTH,756.95,pykrx,kr_kospi200_index_daily,PIT_SAFE_EOD_T_PLUS_1
2026-02-06,2026-02,OFFICIAL_DATA_GO_KR_2020_PRESENT,UNSPECIFIED_BY_SOURCE,data_go_kr,212666,375007,217333,319416,805.0,700.0,10938,13801,4007.0,6240.0,1,1,805,700,False,False,WALL_AVAILABLE,WALL_AVAILABLE,WALL_ANALYSIS_VERIFIED,MATURITY_MONTH_ONLY_EXACT_EXPIRY_NOT_AVAILABLE,MAX_OI_LOWEST_STRIKE_REPRESENTATIVE_ALL_CANDIDATES_PRESERVED,1.7633613271514958,1.4697077756254229,-680.0,0.0,-188.0,0.0,56.89999999999998,7.605935035423061,,-48.10000000000002,-6.429621708327771,,MIN_RETAINED_MATURITY_MONTH_NOT_BEFORE_TRADE_MONTH,748.1,pykrx,kr_kospi200_index_daily,PIT_SAFE_EOD_T_PLUS_1
2026-02-09,2026-02,OFFICIAL_DATA_GO_KR_2020_PRESENT,UNSPECIFIED_BY_SOURCE,data_go_kr,226561,382295,223332,290827,870.0,700.0,11721,14435,29942.0,11931.0,1,1,870,700,False,False,WALL_AVAILABLE,WALL_AVAILABLE,WALL_ANALYSIS_VERIFIED,MATURITY_MONTH_ONLY_EXACT_EXPIRY_NOT_AVAILABLE,MAX_OI_LOWEST_STRIKE_REPRESENTATIVE_ALL_CANDIDATES_PRESERVED,1.687382206116675,1.3022182221983414,783.0,65.0,634.0,0.0,89.05999999999995,11.404205188618842,,-80.94000000000005,-10.36443260685841,,MIN_RETAINED_MATURITY_MONTH_NOT_BEFORE_TRADE_MONTH,780.94,pykrx,kr_kospi200_index_daily,PIT_SAFE_EOD_T_PLUS_1
2026-02-10,2026-02,OFFICIAL_DATA_GO_KR_2020_PRESENT,UNSPECIFIED_BY_SOURCE,data_go_kr,241554,406829,556198,500818,870.0,700.0,10403,14729,23647.0,13306.0,1,1,870,700,False,False,WALL_AVAILABLE,WALL_AVAILABLE,WALL_ANALYSIS_VERIFIED,MATURITY_MONTH_ONLY_EXACT_EXPIRY_NOT_AVAILABLE,MAX_OI_LOWEST_STRIKE_REPRESENTATIVE_ALL_CANDIDATES_PRESERVED,1.684215537726554,0.9004311414280526,-1318.0,0.0,294.0,0.0,89.24000000000001,11.429888826271828,,-80.75999999999999,-10.343767611045651,,MIN_RETAINED_MATURITY_MONTH_NOT_BEFORE_TRADE_MONTH,780.76,pykrx,kr_kospi200_index_daily,PIT_SAFE_EOD_T_PLUS_1
2026-02-11,2026-02,OFFICIAL_DATA_GO_KR_2020_PRESENT,UNSPECIFIED_BY_SOURCE,data_go_kr,253578,425421,975200,802877,765.0,700.0,10060,15014,413.0,5807.0,1,1,765,700,False,False,WALL_AVAILABLE,WALL_AVAILABLE,WALL_ANALYSIS_VERIFIED,MATURITY_MONTH_ONLY_EXACT_EXPIRY_NOT_AVAILABLE,MAX_OI_LOWEST_STRIKE_REPRESENTATIVE_ALL_CANDIDATES_PRESERVED,1.6776731419918132,0.8232947087776866,-343.0,-105.0,285.0,0.0,-23.75,-3.0110935023771823,,-88.75,-11.251980982567355,,MIN_RETAINED_MATURITY_MONTH_NOT_BEFORE_TRADE_MONTH,788.75,pykrx,kr_kospi200_index_daily,PIT_SAFE_EOD_T_PLUS_1
2026-02-12,2026-02,OFFICIAL_DATA_GO_KR_2020_PRESENT,UNSPECIFIED_BY_SOURCE,data_go_kr,0,0,1353841,1104597,,,0,0,,,227,227,305|307.5|310|312.5|315|317.5|320|322.5|325|327.5|330|332.5|335|337.5|340|342.5|345|347.5|350|352.5|355|357.5|360|362.5|365|367.5|370|372.5|375|377.5|380|382.5|385|387.5|390|392.5|395|397.5|400|402.5|405|407.5|410|412.5|415|417.5|420|422.5|425|427.5|430|432.5|435|437.5|440|442.5|445|447.5|450|452.5|455|457.5|460|462.5|465|467.5|470|472.5|475|477.5|480|482.5|485|487.5|490|492.5|495|497.5|500|502.5|505|507.5|510|512.5|515|517.5|520|522.5|525|527.5|530|532.5|535|537.5|540|542.5|545|547.5|550|552.5|555|557.5|560|562.5|565|567.5|570|572.5|575|577.5|580|582.5|585|587.5|590|592.5|595|597.5|600|602.5|605|607.5|610|612.5|615|617.5|620|622.5|625|627.5|630|632.5|635|637.5|640|642.5|645|647.5|650|652.5|655|657.5|660|662.5|665|667.5|670|672.5|675|677.5|680|682.5|685|687.5|690|692.5|695|697.5|700|702.5|705|707.5|710|712.5|715|717.5|720|722.5|725|727.5|730|732.5|735|737.5|740|742.5|745|747.5|750|752.5|755|757.5|760|762.5|765|767.5|770|772.5|775|777.5|780|782.5|785|787.5|790|792.5|795|797.5|800|802.5|805|807.5|810|812.5|815|817.5|820|822.5|825|827.5|830|832.5|835|837.5|840|842.5|845|847.5|850|852.5|855|857.5|860|862.5|865|867.5|870,305|307.5|310|312.5|315|317.5|320|322.5|325|327.5|330|332.5|335|337.5|340|342.5|345|347.5|350|352.5|355|357.5|360|362.5|365|367.5|370|372.5|375|377.5|380|382.5|385|387.5|390|392.5|395|397.5|400|402.5|405|407.5|410|412.5|415|417.5|420|422.5|425|427.5|430|432.5|435|437.5|440|442.5|445|447.5|450|452.5|455|457.5|460|462.5|465|467.5|470|472.5|475|477.5|480|482.5|485|487.5|490|492.5|495|497.5|500|502.5|505|507.5|510|512.5|515|517.5|520|522.5|525|527.5|530|532.5|535|537.5|540|542.5|545|547.5|550|552.5|555|557.5|560|562.5|565|567.5|570|572.5|575|577.5|580|582.5|585|587.5|590|592.5|595|597.5|600|602.5|605|607.5|610|612.5|615|617.5|620|622.5|625|627.5|630|632.5|635|637.5|640|642.5|645|647.5|650|652.5|655|657.5|660|662.5|665|667.5|670|672.5|675|677.5|680|682.5|685|687.5|690|692.5|695|697.5|700|702.5|705|707.5|710|712.5|715|717.5|720|722.5|725|727.5|730|732.5|735|737.5|740|742.5|745|747.5|750|752.5|755|757.5|760|762.5|765|767.5|770|772.5|775|777.5|780|782.5|785|787.5|790|792.5|795|797.5|800|802.5|805|807.5|810|812.5|815|817.5|820|822.5|825|827.5|830|832.5|835|837.5|840|842.5|845|847.5|850|852.5|855|857.5|860|862.5|865|867.5|870,True,True,NO_OPEN_INTEREST,NO_OPEN_INTEREST,WALL_ANALYSIS_VERIFIED,MATURITY_MONTH_ONLY_EXACT_EXPIRY_NOT_AVAILABLE,MAX_OI_LOWEST_STRIKE_REPRESENTATIVE_ALL_CANDIDATES_PRESERVED,,0.8158986173413274,-10060.0,,-15014.0,,,,,,,,MIN_RETAINED_MATURITY_MONTH_NOT_BEFORE_TRADE_MONTH,816.28,pykrx,kr_kospi200_index_daily,PIT_SAFE_EOD_T_PLUS_1
2026-02-13,2026-03,OFFICIAL_DATA_GO_KR_2020_PRESENT,UNSPECIFIED_BY_SOURCE,data_go_kr,148628,259784,43646,130347,830.0,650.0,12423,11075,2006.0,5575.0,1,1,830,650,False,False,WALL_AVAILABLE,WALL_AVAILABLE,WALL_ANALYSIS_VERIFIED,MATURITY_MONTH_ONLY_EXACT_EXPIRY_NOT_AVAILABLE,MAX_OI_LOWEST_STRIKE_REPRESENTATIVE_ALL_CANDIDATES_PRESERVED,1.7478806146890222,2.9864592402511114,1208.0,0.0,469.0,0.0,15.409999999999968,1.8917492235357656,,-164.59000000000003,-20.205256632170787,,MIN_RETAINED_MATURITY_MONTH_NOT_BEFORE_TRADE_MONTH,814.59,pykrx,kr_kospi200_index_daily,PIT_SAFE_EOD_T_PLUS_1
2026-02-19,2026-03,OFFICIAL_DATA_GO_KR_2020_PRESENT,UNSPECIFIED_BY_SOURCE,data_go_kr,152037,283937,31666,120458,830.0,650.0,12355,11182,287.0,3238.0,1,1,830,650,False,False,WALL_AVAILABLE,WALL_AVAILABLE,WALL_ANALYSIS_VERIFIED,MATURITY_MONTH_ONLY_EXACT_EXPIRY_NOT_AVAILABLE,MAX_OI_LOWEST_STRIKE_REPRESENTATIVE_ALL_CANDIDATES_PRESERVED,1.8675519774791665,3.8040169266721406,-68.0,0.0,107.0,0.0,-10.240000000000007,-1.2186994192135536,,-190.24,-22.641150147576884,,MIN_RETAINED_MATURITY_MONTH_NOT_BEFORE_TRADE_MONTH,840.24,pykrx,kr_kospi200_index_daily,PIT_SAFE_EOD_T_PLUS_1
2026-02-20,2026-03,OFFICIAL_DATA_GO_KR_2020_PRESENT,UNSPECIFIED_BY_SOURCE,data_go_kr,166298,306450,64120,128063,830.0,650.0,12371,11482,159.0,3096.0,1,1,830,650,False,False,WALL_AVAILABLE,WALL_AVAILABLE,WALL_ANALYSIS_VERIFIED,MATURITY_MONTH_ONLY_EXACT_EXPIRY_NOT_AVAILABLE,MAX_OI_LOWEST_STRIKE_REPRESENTATIVE_ALL_CANDIDATES_PRESERVED,1.8427762210008536,1.997239550842171,16.0,0.0,300.0,0.0,-29.590000000000032,-3.442338789422872,,-209.59000000000003,-24.38255447364441,,MIN_RETAINED_MATURITY_MONTH_NOT_BEFORE_TRADE_MONTH,859.59,pykrx,kr_kospi200_index_daily,PIT_SAFE_EOD_T_PLUS_1
2026-02-23,2026-03,OFFICIAL_DATA_GO_KR_2020_PRESENT,UNSPECIFIED_BY_SOURCE,data_go_kr,173679,322913,50683,115066,830.0,650.0,12362,12342,60.0,4114.0,1,1,830,650,False,False,WALL_AVAILABLE,WALL_AVAILABLE,WALL_ANALYSIS_VERIFIED,MATURITY_MONTH_ONLY_EXACT_EXPIRY_NOT_AVAILABLE,MAX_OI_LOWEST_STRIKE_REPRESENTATIVE_ALL_CANDIDATES_PRESERVED,1.859251838161205,2.2703075982084724,-9.0,0.0,860.0,0.0,-35.49000000000001,-4.100567308692183,,-215.49,-24.89803463933725,,MIN_RETAINED_MATURITY_MONTH_NOT_BEFORE_TRADE_MONTH,865.49,pykrx,kr_kospi200_index_daily,PIT_SAFE_EOD_T_PLUS_1
2026-02-24,2026-03,OFFICIAL_DATA_GO_KR_2020_PRESENT,UNSPECIFIED_BY_SOURCE,data_go_kr,177226,335683,39837,132035,830.0,650.0,12347,13013,41.0,4466.0,1,1,830,650,False,False,WALL_AVAILABLE,WALL_AVAILABLE,WALL_ANALYSIS_VERIFIED,MATURITY_MONTH_ONLY_EXACT_EXPIRY_NOT_AVAILABLE,MAX_OI_LOWEST_STRIKE_REPRESENTATIVE_ALL_CANDIDATES_PRESERVED,1.894095674449573,3.3143811029947035,-15.0,0.0,671.0,0.0,-56.88,-6.413494497564498,,-236.88,-26.709363160743283,,MIN_RETAINED_MATURITY_MONTH_NOT_BEFORE_TRADE_MONTH,886.88,pykrx,kr_kospi200_index_daily,PIT_SAFE_EOD_T_PLUS_1
2026-02-25,2026-03,OFFICIAL_DATA_GO_KR_2020_PRESENT,UNSPECIFIED_BY_SOURCE,data_go_kr,175990,355504,49326,150674,800.0,650.0,10382,13117,27.0,3205.0,1,1,800,650,False,False,WALL_AVAILABLE,WALL_AVAILABLE,WALL_ANALYSIS_VERIFIED,MATURITY_MONTH_ONLY_EXACT_EXPIRY_NOT_AVAILABLE,MAX_OI_LOWEST_STRIKE_REPRESENTATIVE_ALL_CANDIDATES_PRESERVED,2.020023864992329,3.05465677330414,-1965.0,-30.0,104.0,0.0,-103.83000000000004,-11.487779781596096,,-253.83000000000004,-28.08382107254684,,MIN_RETAINED_MATURITY_MONTH_NOT_BEFORE_TRADE_MONTH,903.83,pykrx,kr_kospi200_index_daily,PIT_SAFE_EOD_T_PLUS_1
2026-02-26,2026-03,OFFICIAL_DATA_GO_KR_2020_PRESENT,UNSPECIFIED_BY_SOURCE,data_go_kr,181526,377769,54707,179765,800.0,650.0,10352,13210,44.0,3364.0,1,1,800,650,False,False,WALL_AVAILABLE,WALL_AVAILABLE,WALL_ANALYSIS_VERIFIED,MATURITY_MONTH_ONLY_EXACT_EXPIRY_NOT_AVAILABLE,MAX_OI_LOWEST_STRIKE_REPRESENTATIVE_ALL_CANDIDATES_PRESERVED,2.0810737855734165,3.285959749209425,-30.0,0.0,93.0,0.0,-144.01999999999998,-15.256032711171375,,-294.02,-31.145526577826743,,MIN_RETAINED_MATURITY_MONTH_NOT_BEFORE_TRADE_MONTH,944.02,pykrx,kr_kospi200_index_daily,PIT_SAFE_EOD_T_PLUS_1
2026-02-27,2026-03,OFFICIAL_DATA_GO_KR_2020_PRESENT,UNSPECIFIED_BY_SOURCE,data_go_kr,188241,393753,56729,139372,800.0,650.0,10351,13130,33.0,2766.0,1,1,800,650,False,False,WALL_AVAILABLE,WALL_AVAILABLE,WALL_ANALYSIS_VERIFIED,MATURITY_MONTH_ONLY_EXACT_EXPIRY_NOT_AVAILABLE,MAX_OI_LOWEST_STRIKE_REPRESENTATIVE_ALL_CANDIDATES_PRESERVED,2.09174940634612,2.4568033986144653,-1.0,0.0,-80.0,0.0,-133.34000000000003,-14.2863265262391,,-283.34000000000003,-30.357640302569266,,MIN_RETAINED_MATURITY_MONTH_NOT_BEFORE_TRADE_MONTH,933.34,pykrx,kr_kospi200_index_daily,PIT_SAFE_EOD_T_PLUS_1
2026-03-03,2026-03,OFFICIAL_DATA_GO_KR_2020_PRESENT,UNSPECIFIED_BY_SOURCE,data_go_kr,194708,406757,85992,213980,800.0,650.0,10350,13641,6.0,9518.0,1,1,800,650,False,False,WALL_AVAILABLE,WALL_AVAILABLE,WALL_ANALYSIS_VERIFIED,MATURITY_MONTH_ONLY_EXACT_EXPIRY_NOT_AVAILABLE,MAX_OI_LOWEST_STRIKE_REPRESENTATIVE_ALL_CANDIDATES_PRESERVED,2.089061569118886,2.488371011256861,-1.0,0.0,511.0,0.0,-59.39999999999998,-6.911798929485691,,-209.4,-24.36583663020712,,MIN_RETAINED_MATURITY_MONTH_NOT_BEFORE_TRADE_MONTH,859.4,pykrx,kr_kospi200_index_daily,PIT_SAFE_EOD_T_PLUS_1
2026-03-04,2026-03,OFFICIAL_DATA_GO_KR_2020_PRESENT,UNSPECIFIED_BY_SOURCE,data_go_kr,202713,391225,109523,217697,800.0,650.0,10331,13664,868.0,6056.0,1,1,800,650,False,False,WALL_AVAILABLE,WALL_AVAILABLE,WALL_ANALYSIS_VERIFIED,MATURITY_MONTH_ONLY_EXACT_EXPIRY_NOT_AVAILABLE,MAX_OI_LOWEST_STRIKE_REPRESENTATIVE_ALL_CANDIDATES_PRESERVED,1.929945292112494,1.9876829524392137,-19.0,0.0,23.0,0.0,43.21000000000004,5.709642040724638,,-106.78999999999996,-14.11091584191123,,MIN_RETAINED_MATURITY_MONTH_NOT_BEFORE_TRADE_MONTH,756.79,pykrx,kr_kospi200_index_daily,PIT_SAFE_EOD_T_PLUS_1
2026-03-05,2026-03,OFFICIAL_DATA_GO_KR_2020_PRESENT,UNSPECIFIED_BY_SOURCE,data_go_kr,206091,392021,104038,137477,1025.0,650.0,11106,13493,24539.0,4630.0,1,1,1025,650,False,False,WALL_AVAILABLE,WALL_AVAILABLE,WALL_ANALYSIS_VERIFIED,MATURITY_MONTH_ONLY_EXACT_EXPIRY_NOT_AVAILABLE,MAX_OI_LOWEST_STRIKE_REPRESENTATIVE_ALL_CANDIDATES_PRESERVED,1.9021742822345469,1.321411407370384,775.0,225.0,-171.0,0.0,193.78,23.31272106060971,,-181.22000000000003,-21.8016890835158,,MIN_RETAINED_MATURITY_MONTH_NOT_BEFORE_TRADE_MONTH,831.22,pykrx,kr_kospi200_index_daily,PIT_SAFE_EOD_T_PLUS_1
2026-03-06,2026-03,OFFICIAL_DATA_GO_KR_2020_PRESENT,UNSPECIFIED_BY_SOURCE,data_go_kr,209561,402138,103792,140819,1025.0,650.0,11111,13381,10974.0,5716.0,1,1,1025,650,False,False,WALL_AVAILABLE,WALL_AVAILABLE,WALL_ANALYSIS_VERIFIED,MATURITY_MONTH_ONLY_EXACT_EXPIRY_NOT_AVAILABLE,MAX_OI_LOWEST_STRIKE_REPRESENTATIVE_ALL_CANDIDATES_PRESERVED,1.9189543855965563,1.3567423308154771,5.0,0.0,-112.0,0.0,196.17,23.66830351217981,,-178.83000000000004,-21.57619777276401,,MIN_RETAINED_MATURITY_MONTH_NOT_BEFORE_TRADE_MONTH,828.83,pykrx,kr_kospi200_index_daily,PIT_SAFE_EOD_T_PLUS_1
2026-03-09,2026-03,OFFICIAL_DATA_GO_KR_2020_PRESENT,UNSPECIFIED_BY_SOURCE,data_go_kr,225167,404082,142112,124433,1025.0,650.0,11461,13458,10620.0,6181.0,1,1,1025,650,False,False,WALL_AVAILABLE,WALL_AVAILABLE,WALL_ANALYSIS_VERIFIED,MATURITY_MONTH_ONLY_EXACT_EXPIRY_NOT_AVAILABLE,MAX_OI_LOWEST_STRIKE_REPRESENTATIVE_ALL_CANDIDATES_PRESERVED,1.7945880168941275,0.8755981197928394,350.0,0.0,77.0,0.0,249.69000000000003,32.205182443151784,,-125.30999999999996,-16.16256723117204,,MIN_RETAINED_MATURITY_MONTH_NOT_BEFORE_TRADE_MONTH,775.31,pykrx,kr_kospi200_index_daily,PIT_SAFE_EOD_T_PLUS_1
2026-03-10,2026-03,OFFICIAL_DATA_GO_KR_2020_PRESENT,UNSPECIFIED_BY_SOURCE,data_go_kr,241488,422659,352217,364675,1025.0,650.0,12332,13625,7659.0,11308.0,1,1,1025,650,False,False,WALL_AVAILABLE,WALL_AVAILABLE,WALL_ANALYSIS_VERIFIED,MATURITY_MONTH_ONLY_EXACT_EXPIRY_NOT_AVAILABLE,MAX_OI_LOWEST_STRIKE_REPRESENTATIVE_ALL_CANDIDATES_PRESERVED,1.7502277545882197,1.035370240505143,871.0,0.0,167.0,0.0,201.98,24.54132341862896,,-173.01999999999998,-21.022575393064567,,MIN_RETAINED_MATURITY_MONTH_NOT_BEFORE_TRADE_MONTH,823.02,pykrx,kr_kospi200_index_daily,PIT_SAFE_EOD_T_PLUS_1
2026-03-11,2026-03,OFFICIAL_DATA_GO_KR_2020_PRESENT,UNSPECIFIED_BY_SOURCE,data_go_kr,252288,452952,391896,452629,1025.0,650.0,12586,13753,5222.0,7518.0,1,1,1025,650,False,False,WALL_AVAILABLE,WALL_AVAILABLE,WALL_ANALYSIS_VERIFIED,MATURITY_MONTH_ONLY_EXACT_EXPIRY_NOT_AVAILABLE,MAX_OI_LOWEST_STRIKE_REPRESENTATIVE_ALL_CANDIDATES_PRESERVED,1.7953767123287672,1.1549722375324063,254.0,0.0,128.0,0.0,190.95000000000005,22.89431089263234,,-184.04999999999995,-22.06702236076974,,MIN_RETAINED_MATURITY_MONTH_NOT_BEFORE_TRADE_MONTH,834.05,pykrx,kr_kospi200_index_daily,PIT_SAFE_EOD_T_PLUS_1
2026-03-12,2026-03,OFFICIAL_DATA_GO_KR_2020_PRESENT,UNSPECIFIED_BY_SOURCE,data_go_kr,0,0,872405,902786,,,0,0,,,337,337,185|187.5|190|192.5|195|197.5|200|202.5|205|207.5|210|212.5|215|217.5|220|222.5|225|227.5|230|232.5|235|237.5|240|242.5|245|247.5|250|252.5|255|257.5|260|262.5|265|267.5|270|272.5|275|277.5|280|282.5|285|287.5|290|292.5|295|297.5|300|302.5|305|307.5|310|312.5|315|317.5|320|322.5|325|327.5|330|332.5|335|337.5|340|342.5|345|347.5|350|352.5|355|357.5|360|362.5|365|367.5|370|372.5|375|377.5|380|382.5|385|387.5|390|392.5|395|397.5|400|402.5|405|407.5|410|412.5|415|417.5|420|422.5|425|427.5|430|432.5|435|437.5|440|442.5|445|447.5|450|452.5|455|457.5|460|462.5|465|467.5|470|472.5|475|477.5|480|482.5|485|487.5|490|492.5|495|497.5|500|502.5|505|507.5|510|512.5|515|517.5|520|522.5|525|527.5|530|532.5|535|537.5|540|542.5|545|547.5|550|552.5|555|557.5|560|562.5|565|567.5|570|572.5|575|577.5|580|582.5|585|587.5|590|592.5|595|597.5|600|602.5|605|607.5|610|612.5|615|617.5|620|622.5|625|627.5|630|632.5|635|637.5|640|642.5|645|647.5|650|652.5|655|657.5|660|662.5|665|667.5|670|672.5|675|677.5|680|682.5|685|687.5|690|692.5|695|697.5|700|702.5|705|707.5|710|712.5|715|717.5|720|722.5|725|727.5|730|732.5|735|737.5|740|742.5|745|747.5|750|752.5|755|757.5|760|762.5|765|767.5|770|772.5|775|777.5|780|782.5|785|787.5|790|792.5|795|797.5|800|802.5|805|807.5|810|812.5|815|817.5|820|822.5|825|827.5|830|832.5|835|837.5|840|842.5|845|847.5|850|852.5|855|857.5|860|862.5|865|867.5|870|872.5|875|877.5|880|882.5|885|887.5|890|892.5|895|897.5|900|902.5|905|907.5|910|912.5|915|917.5|920|922.5|925|927.5|930|932.5|935|937.5|940|942.5|945|947.5|950|952.5|955|957.5|960|962.5|965|967.5|970|972.5|975|977.5|980|982.5|985|987.5|990|992.5|995|997.5|1000|1002.5|1005|1007.5|1010|1012.5|1015|1017.5|1020|1022.5|1025,185|187.5|190|192.5|195|197.5|200|202.5|205|207.5|210|212.5|215|217.5|220|222.5|225|227.5|230|232.5|235|237.5|240|242.5|245|247.5|250|252.5|255|257.5|260|262.5|265|267.5|270|272.5|275|277.5|280|282.5|285|287.5|290|292.5|295|297.5|300|302.5|305|307.5|310|312.5|315|317.5|320|322.5|325|327.5|330|332.5|335|337.5|340|342.5|345|347.5|350|352.5|355|357.5|360|362.5|365|367.5|370|372.5|375|377.5|380|382.5|385|387.5|390|392.5|395|397.5|400|402.5|405|407.5|410|412.5|415|417.5|420|422.5|425|427.5|430|432.5|435|437.5|440|442.5|445|447.5|450|452.5|455|457.5|460|462.5|465|467.5|470|472.5|475|477.5|480|482.5|485|487.5|490|492.5|495|497.5|500|502.5|505|507.5|510|512.5|515|517.5|520|522.5|525|527.5|530|532.5|535|537.5|540|542.5|545|547.5|550|552.5|555|557.5|560|562.5|565|567.5|570|572.5|575|577.5|580|582.5|585|587.5|590|592.5|595|597.5|600|602.5|605|607.5|610|612.5|615|617.5|620|622.5|625|627.5|630|632.5|635|637.5|640|642.5|645|647.5|650|652.5|655|657.5|660|662.5|665|667.5|670|672.5|675|677.5|680|682.5|685|687.5|690|692.5|695|697.5|700|702.5|705|707.5|710|712.5|715|717.5|720|722.5|725|727.5|730|732.5|735|737.5|740|742.5|745|747.5|750|752.5|755|757.5|760|762.5|765|767.5|770|772.5|775|777.5|780|782.5|785|787.5|790|792.5|795|797.5|800|802.5|805|807.5|810|812.5|815|817.5|820|822.5|825|827.5|830|832.5|835|837.5|840|842.5|845|847.5|850|852.5|855|857.5|860|862.5|865|867.5|870|872.5|875|877.5|880|882.5|885|887.5|890|892.5|895|897.5|900|902.5|905|907.5|910|912.5|915|917.5|920|922.5|925|927.5|930|932.5|935|937.5|940|942.5|945|947.5|950|952.5|955|957.5|960|962.5|965|967.5|970|972.5|975|977.5|980|982.5|985|987.5|990|992.5|995|997.5|1000|1002.5|1005|1007.5|1010|1012.5|1015|1017.5|1020|1022.5|1025,True,True,NO_OPEN_INTEREST,NO_OPEN_INTEREST,WALL_ANALYSIS_VERIFIED,MATURITY_MONTH_ONLY_EXACT_EXPIRY_NOT_AVAILABLE,MAX_OI_LOWEST_STRIKE_REPRESENTATIVE_ALL_CANDIDATES_PRESERVED,,1.034824422143385,-12586.0,,-13753.0,,,,,,,,MIN_RETAINED_MATURITY_MONTH_NOT_BEFORE_TRADE_MONTH,827.51,pykrx,kr_kospi200_index_daily,PIT_SAFE_EOD_T_PLUS_1
2026-03-13,2026-04,OFFICIAL_DATA_GO_KR_2020_PRESENT,UNSPECIFIED_BY_SOURCE,data_go_kr,64173,86772,31325,61634,967.5,375.0,7451,8721,87.0,12300.0,1,1,967.5,375,False,False,WALL_AVAILABLE,WALL_AVAILABLE,WALL_ANALYSIS_VERIFIED,MATURITY_MONTH_ONLY_EXACT_EXPIRY_NOT_AVAILABLE,MAX_OI_LOWEST_STRIKE_REPRESENTATIVE_ALL_CANDIDATES_PRESERVED,1.3521574493946051,1.9675658419792497,56.0,0.0,3021.0,-225.0,154.57000000000005,19.013937239368705,,-437.93,-53.870566961485,,MIN_RETAINED_MATURITY_MONTH_NOT_BEFORE_TRADE_MONTH,812.93,pykrx,kr_kospi200_index_daily,PIT_SAFE_EOD_T_PLUS_1
2026-03-16,2026-04,OFFICIAL_DATA_GO_KR_2020_PRESENT,UNSPECIFIED_BY_SOURCE,data_go_kr,70694,106890,32563,71205,967.5,375.0,7482,13733,73.0,8410.0,1,1,967.5,375,False,False,WALL_AVAILABLE,WALL_AVAILABLE,WALL_ANALYSIS_VERIFIED,MATURITY_MONTH_ONLY_EXACT_EXPIRY_NOT_AVAILABLE,MAX_OI_LOWEST_STRIKE_REPRESENTATIVE_ALL_CANDIDATES_PRESERVED,1.5120095057572072,2.1866842735620184,31.0,0.0,5012.0,0.0,140.66999999999996,17.0131707848046,,-451.83,-54.64605783534705,,MIN_RETAINED_MATURITY_MONTH_NOT_BEFORE_TRADE_MONTH,826.83,pykrx,kr_kospi200_index_daily,PIT_SAFE_EOD_T_PLUS_1
2026-03-17,2026-04,OFFICIAL_DATA_GO_KR_2020_PRESENT,UNSPECIFIED_BY_SOURCE,data_go_kr,75686,125846,39411,81038,1025.0,375.0,7625,17198,18276.0,8047.0,1,1,1025,375,False,False,WALL_AVAILABLE,WALL_AVAILABLE,WALL_ANALYSIS_VERIFIED,MATURITY_MONTH_ONLY_EXACT_EXPIRY_NOT_AVAILABLE,MAX_OI_LOWEST_STRIKE_REPRESENTATIVE_ALL_CANDIDATES_PRESERVED,1.6627381550088525,2.056227956661845,143.0,57.5,3465.0,0.0,184.11,21.894659230101432,,-465.89,-55.40439296459703,,MIN_RETAINED_MATURITY_MONTH_NOT_BEFORE_TRADE_MONTH,840.89,pykrx,kr_kospi200_index_daily,PIT_SAFE_EOD_T_PLUS_1
2026-03-18,2026-04,OFFICIAL_DATA_GO_KR_2020_PRESENT,UNSPECIFIED_BY_SOURCE,data_go_kr,79286,134595,47851,68323,1025.0,375.0,7985,18062,25428.0,3296.0,1,1,1025,375,False,False,WALL_AVAILABLE,WALL_AVAILABLE,WALL_ANALYSIS_VERIFIED,MATURITY_MONTH_ONLY_EXACT_EXPIRY_NOT_AVAILABLE,MAX_OI_LOWEST_STRIKE_REPRESENTATIVE_ALL_CANDIDATES_PRESERVED,1.697588477158641,1.427828049570542,360.0,0.0,864.0,0.0,136.42999999999995,15.353883205600006,,-513.57,-57.79735980282928,,MIN_RETAINED_MATURITY_MONTH_NOT_BEFORE_TRADE_MONTH,888.57,pykrx,kr_kospi200_index_daily,PIT_SAFE_EOD_T_PLUS_1
2026-03-19,2026-04,OFFICIAL_DATA_GO_KR_2020_PRESENT,UNSPECIFIED_BY_SOURCE,data_go_kr,83525,141245,43566,60225,1025.0,375.0,8658,19175,20647.0,3408.0,1,1,1025,375,False,False,WALL_AVAILABLE,WALL_AVAILABLE,WALL_ANALYSIS_VERIFIED,MATURITY_MONTH_ONLY_EXACT_EXPIRY_NOT_AVAILABLE,MAX_OI_LOWEST_STRIKE_REPRESENTATIVE_ALL_CANDIDATES_PRESERVED,1.6910505836575875,1.3823853463710232,673.0,0.0,1113.0,0.0,162.63,18.858494613680897,,-487.37,-56.51518489743381,,MIN_RETAINED_MATURITY_MONTH_NOT_BEFORE_TRADE_MONTH,862.37,pykrx,kr_kospi200_index_daily,PIT_SAFE_EOD_T_PLUS_1
2026-03-20,2026-04,OFFICIAL_DATA_GO_KR_2020_PRESENT,UNSPECIFIED_BY_SOURCE,data_go_kr,86028,144708,29208,40958,1025.0,375.0,9492,19070,16851.0,3607.0,1,1,1025,375,False,False,WALL_AVAILABLE,WALL_AVAILABLE,WALL_ANALYSIS_VERIFIED,MATURITY_MONTH_ONLY_EXACT_EXPIRY_NOT_AVAILABLE,MAX_OI_LOWEST_STRIKE_REPRESENTATIVE_ALL_CANDIDATES_PRESERVED,1.6821035011856604,1.4022870446453026,834.0,0.0,-105.0,0.0,162.5,18.84057971014492,,-487.5,-56.52173913043479,,MIN_RETAINED_MATURITY_MONTH_NOT_BEFORE_TRADE_MONTH,862.5,pykrx,kr_kospi200_index_daily,PIT_SAFE_EOD_T_PLUS_1
2026-03-23,2026-04,OFFICIAL_DATA_GO_KR_2020_PRESENT,UNSPECIFIED_BY_SOURCE,data_go_kr,93479,153082,41504,85011,1025.0,375.0,11710,21115,13935.0,7379.0,1,1,1025,375,False,False,WALL_AVAILABLE,WALL_AVAILABLE,WALL_ANALYSIS_VERIFIED,MATURITY_MONTH_ONLY_EXACT_EXPIRY_NOT_AVAILABLE,MAX_OI_LOWEST_STRIKE_REPRESENTATIVE_ALL_CANDIDATES_PRESERVED,1.637608446816932,2.048260408635312,2218.0,0.0,2045.0,0.0,220.14,27.35134060581965,,-429.86,-53.40804611982208,,MIN_RETAINED_MATURITY_MONTH_NOT_BEFORE_TRADE_MONTH,804.86,pykrx,kr_kospi200_index_daily,PIT_SAFE_EOD_T_PLUS_1
2026-03-24,2026-04,OFFICIAL_DATA_GO_KR_2020_PRESENT,UNSPECIFIED_BY_SOURCE,data_go_kr,97150,155242,48891,82169,1025.0,375.0,12338,20357,22769.0,12310.0,1,1,1025,375,False,False,WALL_AVAILABLE,WALL_AVAILABLE,WALL_ANALYSIS_VERIFIED,MATURITY_MONTH_ONLY_EXACT_EXPIRY_NOT_AVAILABLE,MAX_OI_LOWEST_STRIKE_REPRESENTATIVE_ALL_CANDIDATES_PRESERVED,1.5979619145651056,1.6806569716307704,628.0,0.0,-758.0,0.0,197.36,23.846116669083184,,-452.64,-54.690445121067135,,MIN_RETAINED_MATURITY_MONTH_NOT_BEFORE_TRADE_MONTH,827.64,pykrx,kr_kospi200_index_daily,PIT_SAFE_EOD_T_PLUS_1
2026-03-25,2026-04,OFFICIAL_DATA_GO_KR_2020_PRESENT,UNSPECIFIED_BY_SOURCE,data_go_kr,101262,165779,48380,68659,1025.0,375.0,13817,23190,22929.0,6352.0,1,1,1025,375,False,False,WALL_AVAILABLE,WALL_AVAILABLE,WALL_ANALYSIS_VERIFIED,MATURITY_MONTH_ONLY_EXACT_EXPIRY_NOT_AVAILABLE,MAX_OI_LOWEST_STRIKE_REPRESENTATIVE_ALL_CANDIDATES_PRESERVED,1.6371294266358556,1.4191608102521702,1479.0,0.0,2833.0,0.0,186.29999999999995,22.21294861094549,,-463.7000000000001,-55.28794563014189,,MIN_RETAINED_MATURITY_MONTH_NOT_BEFORE_TRADE_MONTH,838.7,pykrx,kr_kospi200_index_daily,PIT_SAFE_EOD_T_PLUS_1
2026-03-26,2026-04,OFFICIAL_DATA_GO_KR_2020_PRESENT,UNSPECIFIED_BY_SOURCE,data_go_kr,107593,168323,62066,73472,1025.0,375.0,14350,22679,14670.0,4165.0,1,1,1025,375,False,False,WALL_AVAILABLE,WALL_AVAILABLE,WALL_ANALYSIS_VERIFIED,MATURITY_MONTH_ONLY_EXACT_EXPIRY_NOT_AVAILABLE,MAX_OI_LOWEST_STRIKE_REPRESENTATIVE_ALL_CANDIDATES_PRESERVED,1.5644419246605263,1.1837721135565369,533.0,0.0,-511.0,0.0,216.11,26.7168589054136,,-433.89,-53.64017357119016,,MIN_RETAINED_MATURITY_MONTH_NOT_BEFORE_TRADE_MONTH,808.89,pykrx,kr_kospi200_index_daily,PIT_SAFE_EOD_T_PLUS_1
2026-03-27,2026-04,OFFICIAL_DATA_GO_KR_2020_PRESENT,UNSPECIFIED_BY_SOURCE,data_go_kr,121333,180561,96946,134123,1025.0,375.0,18028,27075,14316.0,12550.0,1,1,1025,375,False,False,WALL_AVAILABLE,WALL_AVAILABLE,WALL_ANALYSIS_VERIFIED,MATURITY_MONTH_ONLY_EXACT_EXPIRY_NOT_AVAILABLE,MAX_OI_LOWEST_STRIKE_REPRESENTATIVE_ALL_CANDIDATES_PRESERVED,1.4881441981983468,1.3834815257978668,3678.0,0.0,4396.0,0.0,219.81,27.2991467852308,,-430.19000000000005,-53.42714142003751,,MIN_RETAINED_MATURITY_MONTH_NOT_BEFORE_TRADE_MONTH,805.19,pykrx,kr_kospi200_index_daily,PIT_SAFE_EOD_T_PLUS_1
2026-03-30,2026-04,OFFICIAL_DATA_GO_KR_2020_PRESENT,UNSPECIFIED_BY_SOURCE,data_go_kr,127897,188713,78006,117805,1025.0,375.0,19674,27174,10325.0,13495.0,1,1,1025,375,False,False,WALL_AVAILABLE,WALL_AVAILABLE,WALL_ANALYSIS_VERIFIED,MATURITY_MONTH_ONLY_EXACT_EXPIRY_NOT_AVAILABLE,MAX_OI_LOWEST_STRIKE_REPRESENTATIVE_ALL_CANDIDATES_PRESERVED,1.475507635050079,1.510204343255647,1646.0,0.0,99.0,0.0,244.67999999999995,31.35636661882304,,-405.3200000000001,-51.942792700430594,,MIN_RETAINED_MATURITY_MONTH_NOT_BEFORE_TRADE_MONTH,780.32,pykrx,kr_kospi200_index_daily,PIT_SAFE_EOD_T_PLUS_1
2026-03-31,2026-04,OFFICIAL_DATA_GO_KR_2020_PRESENT,UNSPECIFIED_BY_SOURCE,data_go_kr,133942,197563,112150,152567,1025.0,375.0,19894,28599,10605.0,6718.0,1,1,1025,375,False,False,WALL_AVAILABLE,WALL_AVAILABLE,WALL_ANALYSIS_VERIFIED,MATURITY_MONTH_ONLY_EXACT_EXPIRY_NOT_AVAILABLE,MAX_OI_LOWEST_STRIKE_REPRESENTATIVE_ALL_CANDIDATES_PRESERVED,1.4749891744187782,1.360383415069104,220.0,0.0,1425.0,0.0,280.42999999999995,37.66334931571242,,-369.5700000000001,-49.63536000644668,,MIN_RETAINED_MATURITY_MONTH_NOT_BEFORE_TRADE_MONTH,744.57,pykrx,kr_kospi200_index_daily,PIT_SAFE_EOD_T_PLUS_1
2026-04-01,2026-04,OFFICIAL_DATA_GO_KR_2020_PRESENT,UNSPECIFIED_BY_SOURCE,data_go_kr,134152,210649,130292,177572,1025.0,375.0,18957,29343,12824.0,10281.0,1,1,1025,375,False,False,WALL_AVAILABLE,WALL_AVAILABLE,WALL_ANALYSIS_VERIFIED,MATURITY_MONTH_ONLY_EXACT_EXPIRY_NOT_AVAILABLE,MAX_OI_LOWEST_STRIKE_REPRESENTATIVE_ALL_CANDIDATES_PRESERVED,1.5702263104538137,1.3628772296073437,-937.0,0.0,744.0,0.0,211.16,25.94613191782169,,-438.84,-53.92214685933353,,MIN_RETAINED_MATURITY_MONTH_NOT_BEFORE_TRADE_MONTH,813.84,pykrx,kr_kospi200_index_daily,PIT_SAFE_EOD_T_PLUS_1
2026-04-02,2026-04,OFFICIAL_DATA_GO_KR_2020_PRESENT,UNSPECIFIED_BY_SOURCE,data_go_kr,132637,207061,124978,202625,1025.0,375.0,17236,29180,14111.0,8952.0,1,1,1025,375,False,False,WALL_AVAILABLE,WALL_AVAILABLE,WALL_ANALYSIS_VERIFIED,MATURITY_MONTH_ONLY_EXACT_EXPIRY_NOT_AVAILABLE,MAX_OI_LOWEST_STRIKE_REPRESENTATIVE_ALL_CANDIDATES_PRESERVED,1.561110399059086,1.621285346220935,-1721.0,0.0,-163.0,0.0,250.37,32.32123723584164,,-399.63,-51.58979125517988,,MIN_RETAINED_MATURITY_MONTH_NOT_BEFORE_TRADE_MONTH,774.63,pykrx,kr_kospi200_index_daily,PIT_SAFE_EOD_T_PLUS_1
2026-04-03,2026-04,OFFICIAL_DATA_GO_KR_2020_PRESENT,UNSPECIFIED_BY_SOURCE,data_go_kr,134647,213126,76945,102352,1025.0,375.0,15603,29900,3127.0,140.0,1,1,1025,375,False,False,WALL_AVAILABLE,WALL_AVAILABLE,WALL_ANALYSIS_VERIFIED,MATURITY_MONTH_ONLY_EXACT_EXPIRY_NOT_AVAILABLE,MAX_OI_LOWEST_STRIKE_REPRESENTATIVE_ALL_CANDIDATES_PRESERVED,1.5828499706640329,1.3301968938852426,-1633.0,0.0,720.0,0.0,226.67999999999995,28.39462872031264,,-423.3200000000001,-53.026355346227085,,MIN_RETAINED_MATURITY_MONTH_NOT_BEFORE_TRADE_MONTH,798.32,pykrx,kr_kospi200_index_daily,PIT_SAFE_EOD_T_PLUS_1
2026-04-06,2026-04,OFFICIAL_DATA_GO_KR_2020_PRESENT,UNSPECIFIED_BY_SOURCE,data_go_kr,140082,216977,124091,110904,1025.0,375.0,14718,29913,4615.0,25.0,1,1,1025,375,False,False,WALL_AVAILABLE,WALL_AVAILABLE,WALL_ANALYSIS_VERIFIED,MATURITY_MONTH_ONLY_EXACT_EXPIRY_NOT_AVAILABLE,MAX_OI_LOWEST_STRIKE_REPRESENTATIVE_ALL_CANDIDATES_PRESERVED,1.5489284847446496,0.8937312133837264,-885.0,0.0,13.0,0.0,213.16,26.25640520299566,,-436.84,-53.80863224280647,,MIN_RETAINED_MATURITY_MONTH_NOT_BEFORE_TRADE_MONTH,811.84,pykrx,kr_kospi200_index_daily,PIT_SAFE_EOD_T_PLUS_1
2026-04-07,2026-04,OFFICIAL_DATA_GO_KR_2020_PRESENT,UNSPECIFIED_BY_SOURCE,data_go_kr,153454,227707,263476,236037,1025.0,375.0,15470,29929,10653.0,119.0,1,1,1025,375,False,False,WALL_AVAILABLE,WALL_AVAILABLE,WALL_ANALYSIS_VERIFIED,MATURITY_MONTH_ONLY_EXACT_EXPIRY_NOT_AVAILABLE,MAX_OI_LOWEST_STRIKE_REPRESENTATIVE_ALL_CANDIDATES_PRESERVED,1.4838779047792825,0.8958576872276792,752.0,0.0,16.0,0.0,203.9,24.832541712337107,,-446.1,-54.32955791012057,,MIN_RETAINED_MATURITY_MONTH_NOT_BEFORE_TRADE_MONTH,821.1,pykrx,kr_kospi200_index_daily,PIT_SAFE_EOD_T_PLUS_1
2026-04-08,2026-04,OFFICIAL_DATA_GO_KR_2020_PRESENT,UNSPECIFIED_BY_SOURCE,data_go_kr,161567,258586,457481,386477,1025.0,375.0,14745,29931,12896.0,10.0,1,1,1025,375,False,False,WALL_AVAILABLE,WALL_AVAILABLE,WALL_ANALYSIS_VERIFIED,MATURITY_MONTH_ONLY_EXACT_EXPIRY_NOT_AVAILABLE,MAX_OI_LOWEST_STRIKE_REPRESENTATIVE_ALL_CANDIDATES_PRESERVED,1.6004877233593493,0.8447935542678275,-725.0,0.0,2.0,0.0,142.19000000000003,16.106523487500148,,-507.81,-57.522003602134085,,MIN_RETAINED_MATURITY_MONTH_NOT_BEFORE_TRADE_MONTH,882.81,pykrx,kr_kospi200_index_daily,PIT_SAFE_EOD_T_PLUS_1
2026-04-09,2026-04,OFFICIAL_DATA_GO_KR_2020_PRESENT,UNSPECIFIED_BY_SOURCE,data_go_kr,0,0,845848,624286,,,0,0,,,261,261,375|377.5|380|382.5|385|387.5|390|392.5|395|397.5|400|402.5|405|407.5|410|412.5|415|417.5|420|422.5|425|427.5|430|432.5|435|437.5|440|442.5|445|447.5|450|452.5|455|457.5|460|462.5|465|467.5|470|472.5|475|477.5|480|482.5|485|487.5|490|492.5|495|497.5|500|502.5|505|507.5|510|512.5|515|517.5|520|522.5|525|527.5|530|532.5|535|537.5|540|542.5|545|547.5|550|552.5|555|557.5|560|562.5|565|567.5|570|572.5|575|577.5|580|582.5|585|587.5|590|592.5|595|597.5|600|602.5|605|607.5|610|612.5|615|617.5|620|622.5|625|627.5|630|632.5|635|637.5|640|642.5|645|647.5|650|652.5|655|657.5|660|662.5|665|667.5|670|672.5|675|677.5|680|682.5|685|687.5|690|692.5|695|697.5|700|702.5|705|707.5|710|712.5|715|717.5|720|722.5|725|727.5|730|732.5|735|737.5|740|742.5|745|747.5|750|752.5|755|757.5|760|762.5|765|767.5|770|772.5|775|777.5|780|782.5|785|787.5|790|792.5|795|797.5|800|802.5|805|807.5|810|812.5|815|817.5|820|822.5|825|827.5|830|832.5|835|837.5|840|842.5|845|847.5|850|852.5|855|857.5|860|862.5|865|867.5|870|872.5|875|877.5|880|882.5|885|887.5|890|892.5|895|897.5|900|902.5|905|907.5|910|912.5|915|917.5|920|922.5|925|927.5|930|932.5|935|937.5|940|942.5|945|947.5|950|952.5|955|957.5|960|962.5|965|967.5|970|972.5|975|977.5|980|982.5|985|987.5|990|992.5|995|997.5|1000|1002.5|1005|1007.5|1010|1012.5|1015|1017.5|1020|1022.5|1025,375|377.5|380|382.5|385|387.5|390|392.5|395|397.5|400|402.5|405|407.5|410|412.5|415|417.5|420|422.5|425|427.5|430|432.5|435|437.5|440|442.5|445|447.5|450|452.5|455|457.5|460|462.5|465|467.5|470|472.5|475|477.5|480|482.5|485|487.5|490|492.5|495|497.5|500|502.5|505|507.5|510|512.5|515|517.5|520|522.5|525|527.5|530|532.5|535|537.5|540|542.5|545|547.5|550|552.5|555|557.5|560|562.5|565|567.5|570|572.5|575|577.5|580|582.5|585|587.5|590|592.5|595|597.5|600|602.5|605|607.5|610|612.5|615|617.5|620|622.5|625|627.5|630|632.5|635|637.5|640|642.5|645|647.5|650|652.5|655|657.5|660|662.5|665|667.5|670|672.5|675|677.5|680|682.5|685|687.5|690|692.5|695|697.5|700|702.5|705|707.5|710|712.5|715|717.5|720|722.5|725|727.5|730|732.5|735|737.5|740|742.5|745|747.5|750|752.5|755|757.5|760|762.5|765|767.5|770|772.5|775|777.5|780|782.5|785|787.5|790|792.5|795|797.5|800|802.5|805|807.5|810|812.5|815|817.5|820|822.5|825|827.5|830|832.5|835|837.5|840|842.5|845|847.5|850|852.5|855|857.5|860|862.5|865|867.5|870|872.5|875|877.5|880|882.5|885|887.5|890|892.5|895|897.5|900|902.5|905|907.5|910|912.5|915|917.5|920|922.5|925|927.5|930|932.5|935|937.5|940|942.5|945|947.5|950|952.5|955|957.5|960|962.5|965|967.5|970|972.5|975|977.5|980|982.5|985|987.5|990|992.5|995|997.5|1000|1002.5|1005|1007.5|1010|1012.5|1015|1017.5|1020|1022.5|1025,True,True,NO_OPEN_INTEREST,NO_OPEN_INTEREST,WALL_ANALYSIS_VERIFIED,MATURITY_MONTH_ONLY_EXACT_EXPIRY_NOT_AVAILABLE,MAX_OI_LOWEST_STRIKE_REPRESENTATIVE_ALL_CANDIDATES_PRESERVED,,0.7380593203507013,-14745.0,,-29931.0,,,,,,,,MIN_RETAINED_MATURITY_MONTH_NOT_BEFORE_TRADE_MONTH,865.75,pykrx,kr_kospi200_index_daily,PIT_SAFE_EOD_T_PLUS_1
2026-04-10,2026-05,OFFICIAL_DATA_GO_KR_2020_PRESENT,UNSPECIFIED_BY_SOURCE,data_go_kr,36517,68934,12156,53284,1025.0,420.0,4643,7933,6726.0,5780.0,1,1,1025,420,False,False,WALL_AVAILABLE,WALL_AVAILABLE,WALL_ANALYSIS_VERIFIED,MATURITY_MONTH_ONLY_EXACT_EXPIRY_NOT_AVAILABLE,MAX_OI_LOWEST_STRIKE_REPRESENTATIVE_ALL_CANDIDATES_PRESERVED,1.8877235260289729,4.383349786113853,810.0,155.0,2365.0,0.0,146.22000000000003,16.638976763239953,,-458.78,-52.20646805798948,,MIN_RETAINED_MATURITY_MONTH_NOT_BEFORE_TRADE_MONTH,878.78,pykrx,kr_kospi200_index_daily,PIT_SAFE_EOD_T_PLUS_1
2026-04-13,2026-05,OFFICIAL_DATA_GO_KR_2020_PRESENT,UNSPECIFIED_BY_SOURCE,data_go_kr,38889,77465,10984,36996,1025.0,420.0,5724,9232,7243.0,4335.0,1,1,1025,420,False,False,WALL_AVAILABLE,WALL_AVAILABLE,WALL_ANALYSIS_VERIFIED,MATURITY_MONTH_ONLY_EXACT_EXPIRY_NOT_AVAILABLE,MAX_OI_LOWEST_STRIKE_REPRESENTATIVE_ALL_CANDIDATES_PRESERVED,1.9919514515672807,3.368171886380189,1081.0,0.0,1299.0,0.0,154.22000000000003,17.71055834998507,,-450.78,-51.76738096878661,,MIN_RETAINED_MATURITY_MONTH_NOT_BEFORE_TRADE_MONTH,870.78,pykrx,kr_kospi200_index_daily,PIT_SAFE_EOD_T_PLUS_1
2026-04-14,2026-05,OFFICIAL_DATA_GO_KR_2020_PRESENT,UNSPECIFIED_BY_SOURCE,data_go_kr,43931,95064,19382,83358,1025.0,420.0,6239,13456,9739.0,6331.0,1,1,1025,420,False,False,WALL_AVAILABLE,WALL_AVAILABLE,WALL_ANALYSIS_VERIFIED,MATURITY_MONTH_ONLY_EXACT_EXPIRY_NOT_AVAILABLE,MAX_OI_LOWEST_STRIKE_REPRESENTATIVE_ALL_CANDIDATES_PRESERVED,2.1639389041906627,4.300794551645857,515.0,0.0,4224.0,0.0,128.0,14.269788182831666,,-477.0,-53.17725752508361,,MIN_RETAINED_MATURITY_MONTH_NOT_BEFORE_TRADE_MONTH,897.0,pykrx,kr_kospi200_index_daily,PIT_SAFE_EOD_T_PLUS_1
2026-04-15,2026-05,OFFICIAL_DATA_GO_KR_2020_PRESENT,UNSPECIFIED_BY_SOURCE,data_go_kr,49358,112814,19495,88858,1025.0,420.0,8971,14184,11040.0,5094.0,1,1,1025,420,False,False,WALL_AVAILABLE,WALL_AVAILABLE,WALL_ANALYSIS_VERIFIED,MATURITY_MONTH_ONLY_EXACT_EXPIRY_NOT_AVAILABLE,MAX_OI_LOWEST_STRIKE_REPRESENTATIVE_ALL_CANDIDATES_PRESERVED,2.285627456541999,4.557989228007181,2732.0,0.0,728.0,0.0,108.39999999999998,11.826314641064805,,-496.6,-54.1784857080515,,MIN_RETAINED_MATURITY_MONTH_NOT_BEFORE_TRADE_MONTH,916.6,pykrx,kr_kospi200_index_daily,PIT_SAFE_EOD_T_PLUS_1
2026-04-16,2026-05,OFFICIAL_DATA_GO_KR_2020_PRESENT,UNSPECIFIED_BY_SOURCE,data_go_kr,51619,119938,14478,78603,1025.0,420.0,9406,13971,9609.0,3687.0,1,1,1025,420,False,False,WALL_AVAILABLE,WALL_AVAILABLE,WALL_ANALYSIS_VERIFIED,MATURITY_MONTH_ONLY_EXACT_EXPIRY_NOT_AVAILABLE,MAX_OI_LOWEST_STRIKE_REPRESENTATIVE_ALL_CANDIDATES_PRESERVED,2.3235242836939887,5.429133858267717,435.0,0.0,-213.0,0.0,87.13,9.290200134346982,,-517.87,-55.21767409129197,,MIN_RETAINED_MATURITY_MONTH_NOT_BEFORE_TRADE_MONTH,937.87,pykrx,kr_kospi200_index_daily,PIT_SAFE_EOD_T_PLUS_1
2026-04-17,2026-05,OFFICIAL_DATA_GO_KR_2020_PRESENT,UNSPECIFIED_BY_SOURCE,data_go_kr,54632,127643,11195,39836,1025.0,420.0,10714,13902,6860.0,2186.0,1,1,1025,420,False,False,WALL_AVAILABLE,WALL_AVAILABLE,WALL_ANALYSIS_VERIFIED,MATURITY_MONTH_ONLY_EXACT_EXPIRY_NOT_AVAILABLE,MAX_OI_LOWEST_STRIKE_REPRESENTATIVE_ALL_CANDIDATES_PRESERVED,2.336414555571826,3.5583742742295668,1308.0,0.0,-69.0,0.0,93.59000000000005,10.048206482644597,,-511.41,-54.90707636808709,,MIN_RETAINED_MATURITY_MONTH_NOT_BEFORE_TRADE_MONTH,931.41,pykrx,kr_kospi200_index_daily,PIT_SAFE_EOD_T_PLUS_1
2026-04-20,2026-05,OFFICIAL_DATA_GO_KR_2020_PRESENT,UNSPECIFIED_BY_SOURCE,data_go_kr,55071,130832,9739,47140,1025.0,420.0,11116,13394,8014.0,2641.0,1,1,1025,420,False,False,WALL_AVAILABLE,WALL_AVAILABLE,WALL_ANALYSIS_VERIFIED,MATURITY_MONTH_ONLY_EXACT_EXPIRY_NOT_AVAILABLE,MAX_OI_LOWEST_STRIKE_REPRESENTATIVE_ALL_CANDIDATES_PRESERVED,2.375696827731474,4.840332683027005,402.0,0.0,-508.0,0.0,89.25,9.537803900614472,,-515.75,-55.1162169382848,,MIN_RETAINED_MATURITY_MONTH_NOT_BEFORE_TRADE_MONTH,935.75,pykrx,kr_kospi200_index_daily,PIT_SAFE_EOD_T_PLUS_1
2026-04-21,2026-05,OFFICIAL_DATA_GO_KR_2020_PRESENT,UNSPECIFIED_BY_SOURCE,data_go_kr,55900,137060,9594,62941,1025.0,420.0,11599,14792,7269.0,8925.0,1,1,1025,420,False,False,WALL_AVAILABLE,WALL_AVAILABLE,WALL_ANALYSIS_VERIFIED,MATURITY_MONTH_ONLY_EXACT_EXPIRY_NOT_AVAILABLE,MAX_OI_LOWEST_STRIKE_REPRESENTATIVE_ALL_CANDIDATES_PRESERVED,2.451878354203936,6.560454450698353,483.0,0.0,1398.0,0.0,62.74000000000001,6.520067341466973,,-542.26,-56.35275289422816,,MIN_RETAINED_MATURITY_MONTH_NOT_BEFORE_TRADE_MONTH,962.26,pykrx,kr_kospi200_index_daily,PIT_SAFE_EOD_T_PLUS_1
2026-04-22,2026-05,OFFICIAL_DATA_GO_KR_2020_PRESENT,UNSPECIFIED_BY_SOURCE,data_go_kr,57283,140956,9927,37456,1025.0,420.0,10959,14803,3595.0,2297.0,1,1,1025,420,False,False,WALL_AVAILABLE,WALL_AVAILABLE,WALL_ANALYSIS_VERIFIED,MATURITY_MONTH_ONLY_EXACT_EXPIRY_NOT_AVAILABLE,MAX_OI_LOWEST_STRIKE_REPRESENTATIVE_ALL_CANDIDATES_PRESERVED,2.460695145156504,3.77314395084114,-640.0,0.0,11.0,0.0,60.48000000000002,6.270476506448808,,-544.52,-56.455024260772205,,MIN_RETAINED_MATURITY_MONTH_NOT_BEFORE_TRADE_MONTH,964.52,pykrx,kr_kospi200_index_daily,PIT_SAFE_EOD_T_PLUS_1
2026-04-23,2026-05,OFFICIAL_DATA_GO_KR_2020_PRESENT,UNSPECIFIED_BY_SOURCE,data_go_kr,62514,147643,21705,73699,1025.0,420.0,10067,14658,3917.0,1231.0,1,1,1025,420,False,False,WALL_AVAILABLE,WALL_AVAILABLE,WALL_ANALYSIS_VERIFIED,MATURITY_MONTH_ONLY_EXACT_EXPIRY_NOT_AVAILABLE,MAX_OI_LOWEST_STRIKE_REPRESENTATIVE_ALL_CANDIDATES_PRESERVED,2.361758965991618,3.3954849113107577,-892.0,0.0,-145.0,0.0,49.38,5.061396855333022,,-555.62,-56.95045202025379,,MIN_RETAINED_MATURITY_MONTH_NOT_BEFORE_TRADE_MONTH,975.62,pykrx,kr_kospi200_index_daily,PIT_SAFE_EOD_T_PLUS_1
2026-04-24,2026-05,OFFICIAL_DATA_GO_KR_2020_PRESENT,UNSPECIFIED_BY_SOURCE,data_go_kr,65245,155468,11415,35069,1025.0,420.0,10028,16553,1074.0,3201.0,1,1,1025,420,False,False,WALL_AVAILABLE,WALL_AVAILABLE,WALL_ANALYSIS_VERIFIED,MATURITY_MONTH_ONLY_EXACT_EXPIRY_NOT_AVAILABLE,MAX_OI_LOWEST_STRIKE_REPRESENTATIVE_ALL_CANDIDATES_PRESERVED,2.3828339336347613,3.072185720543145,-39.0,0.0,1895.0,0.0,53.13,5.4667805364915,,-551.87,-56.78434358504738,,MIN_RETAINED_MATURITY_MONTH_NOT_BEFORE_TRADE_MONTH,971.87,pykrx,kr_kospi200_index_daily,PIT_SAFE_EOD_T_PLUS_1
2026-04-27,2026-05,OFFICIAL_DATA_GO_KR_2020_PRESENT,UNSPECIFIED_BY_SOURCE,data_go_kr,68608,166704,17023,73800,1025.0,420.0,9435,17530,1800.0,1587.0,1,1,1025,420,False,False,WALL_AVAILABLE,WALL_AVAILABLE,WALL_ANALYSIS_VERIFIED,MATURITY_MONTH_ONLY_EXACT_EXPIRY_NOT_AVAILABLE,MAX_OI_LOWEST_STRIKE_REPRESENTATIVE_ALL_CANDIDATES_PRESERVED,2.429804104477612,4.335311049756212,-593.0,0.0,977.0,0.0,29.66999999999996,2.9809209006058213,,-575.33,-57.80293972853225,,MIN_RETAINED_MATURITY_MONTH_NOT_BEFORE_TRADE_MONTH,995.33,pykrx,kr_kospi200_index_daily,PIT_SAFE_EOD_T_PLUS_1
2026-04-28,2026-05,OFFICIAL_DATA_GO_KR_2020_PRESENT,UNSPECIFIED_BY_SOURCE,data_go_kr,74101,177083,28301,63266,1025.0,420.0,8951,18461,4864.0,1204.0,1,1,1025,420,False,False,WALL_AVAILABLE,WALL_AVAILABLE,WALL_ANALYSIS_VERIFIED,MATURITY_MONTH_ONLY_EXACT_EXPIRY_NOT_AVAILABLE,MAX_OI_LOWEST_STRIKE_REPRESENTATIVE_ALL_CANDIDATES_PRESERVED,2.3897518252115355,2.235468711352956,-484.0,0.0,931.0,0.0,25.970000000000027,2.599521535889826,,-579.03,-57.95922044383052,,MIN_RETAINED_MATURITY_MONTH_NOT_BEFORE_TRADE_MONTH,999.03,pykrx,kr_kospi200_index_daily,PIT_SAFE_EOD_T_PLUS_1
2026-04-29,2026-05,OFFICIAL_DATA_GO_KR_2020_PRESENT,UNSPECIFIED_BY_SOURCE,data_go_kr,76238,178218,16291,63573,1025.0,420.0,8429,18117,2008.0,1441.0,1,1,1025,420,False,False,WALL_AVAILABLE,WALL_AVAILABLE,WALL_ANALYSIS_VERIFIED,MATURITY_MONTH_ONLY_EXACT_EXPIRY_NOT_AVAILABLE,MAX_OI_LOWEST_STRIKE_REPRESENTATIVE_ALL_CANDIDATES_PRESERVED,2.33765313885464,3.902338714627709,-522.0,0.0,-344.0,0.0,18.409999999999968,1.8289472377035263,,-586.59,-58.27496796113611,,MIN_RETAINED_MATURITY_MONTH_NOT_BEFORE_TRADE_MONTH,1006.59,pykrx,kr_kospi200_index_daily,PIT_SAFE_EOD_T_PLUS_1
2026-04-30,2026-05,OFFICIAL_DATA_GO_KR_2020_PRESENT,UNSPECIFIED_BY_SOURCE,data_go_kr,78337,182119,23636,56119,1025.0,420.0,8366,18030,3629.0,887.0,1,1,1025,420,False,False,WALL_AVAILABLE,WALL_AVAILABLE,WALL_ANALYSIS_VERIFIED,MATURITY_MONTH_ONLY_EXACT_EXPIRY_NOT_AVAILABLE,MAX_OI_LOWEST_STRIKE_REPRESENTATIVE_ALL_CANDIDATES_PRESERVED,2.324814583147172,2.374301912337113,-63.0,0.0,-87.0,0.0,32.85000000000002,3.3109912815602494,,-572.15,-57.66769137731189,,MIN_RETAINED_MATURITY_MONTH_NOT_BEFORE_TRADE_MONTH,992.15,pykrx,kr_kospi200_index_daily,PIT_SAFE_EOD_T_PLUS_1
2026-05-04,2026-05,OFFICIAL_DATA_GO_KR_2020_PRESENT,UNSPECIFIED_BY_SOURCE,data_go_kr,80199,189539,29549,95700,1025.0,420.0,7499,18104,2384.0,122.0,1,1,1025,420,False,False,WALL_AVAILABLE,WALL_AVAILABLE,WALL_ANALYSIS_VERIFIED,MATURITY_MONTH_ONLY_EXACT_EXPIRY_NOT_AVAILABLE,MAX_OI_LOWEST_STRIKE_REPRESENTATIVE_ALL_CANDIDATES_PRESERVED,2.363358645369643,3.2386882804832653,-867.0,0.0,74.0,0.0,-24.66000000000008,-2.349332164700957,,-629.6600000000001,-59.98704342358479,,MIN_RETAINED_MATURITY_MONTH_NOT_BEFORE_TRADE_MONTH,1049.66,pykrx,kr_kospi200_index_daily,PIT_SAFE_EOD_T_PLUS_1
2026-05-06,2026-05,OFFICIAL_DATA_GO_KR_2020_PRESENT,UNSPECIFIED_BY_SOURCE,data_go_kr,82017,214207,24283,114515,1025.0,420.0,7145,23309,893.0,12024.0,1,1,1025,420,False,False,WALL_AVAILABLE,WALL_AVAILABLE,WALL_ANALYSIS_VERIFIED,MATURITY_MONTH_ONLY_EXACT_EXPIRY_NOT_AVAILABLE,MAX_OI_LOWEST_STRIKE_REPRESENTATIVE_ALL_CANDIDATES_PRESERVED,2.6117390297133523,4.715850595066508,-354.0,0.0,5205.0,0.0,-104.63000000000012,-9.26232483202465,,-709.6300000000001,-62.81968432141498,,MIN_RETAINED_MATURITY_MONTH_NOT_BEFORE_TRADE_MONTH,1129.63,pykrx,kr_kospi200_index_daily,PIT_SAFE_EOD_T_PLUS_1
2026-05-07,2026-05,OFFICIAL_DATA_GO_KR_2020_PRESENT,UNSPECIFIED_BY_SOURCE,data_go_kr,86420,223306,38452,105954,1025.0,420.0,6974,23399,294.0,83.0,1,1,1025,420,False,False,WALL_AVAILABLE,WALL_AVAILABLE,WALL_ANALYSIS_VERIFIED,MATURITY_MONTH_ONLY_EXACT_EXPIRY_NOT_AVAILABLE,MAX_OI_LOWEST_STRIKE_REPRESENTATIVE_ALL_CANDIDATES_PRESERVED,2.583962045822726,2.755487360865495,-171.0,0.0,90.0,0.0,-124.8599999999999,-10.85871323465465,,-729.8599999999999,-63.47381420346825,,MIN_RETAINED_MATURITY_MONTH_NOT_BEFORE_TRADE_MONTH,1149.86,pykrx,kr_kospi200_index_daily,PIT_SAFE_EOD_T_PLUS_1
2026-05-08,2026-05,OFFICIAL_DATA_GO_KR_2020_PRESENT,UNSPECIFIED_BY_SOURCE,data_go_kr,94436,237706,46732,84234,1025.0,420.0,6776,23399,303.0,34.0,1,1,1025,420,False,False,WALL_AVAILABLE,WALL_AVAILABLE,WALL_ANALYSIS_VERIFIED,MATURITY_MONTH_ONLY_EXACT_EXPIRY_NOT_AVAILABLE,MAX_OI_LOWEST_STRIKE_REPRESENTATIVE_ALL_CANDIDATES_PRESERVED,2.517112118259986,1.802490798596251,-198.0,0.0,0.0,0.0,-126.17000000000009,-10.960153582876552,,-731.1700000000001,-63.51538000469088,,MIN_RETAINED_MATURITY_MONTH_NOT_BEFORE_TRADE_MONTH,1151.17,pykrx,kr_kospi200_index_daily,PIT_SAFE_EOD_T_PLUS_1
2026-05-11,2026-05,OFFICIAL_DATA_GO_KR_2020_PRESENT,UNSPECIFIED_BY_SOURCE,data_go_kr,102906,280335,50805,134500,1025.0,420.0,6650,23139,132.0,336.0,1,1,1025,420,False,False,WALL_AVAILABLE,WALL_AVAILABLE,WALL_ANALYSIS_VERIFIED,MATURITY_MONTH_ONLY_EXACT_EXPIRY_NOT_AVAILABLE,MAX_OI_LOWEST_STRIKE_REPRESENTATIVE_ALL_CANDIDATES_PRESERVED,2.724185178706781,2.6473772266509203,-126.0,0.0,-260.0,0.0,-186.44000000000003,-15.3899491514231,,-791.44,-65.33051574985143,,MIN_RETAINED_MATURITY_MONTH_NOT_BEFORE_TRADE_MONTH,1211.44,pykrx,kr_kospi200_index_daily,PIT_SAFE_EOD_T_PLUS_1
2026-05-12,2026-05,OFFICIAL_DATA_GO_KR_2020_PRESENT,UNSPECIFIED_BY_SOURCE,data_go_kr,119705,307848,164590,246300,1025.0,420.0,6588,23095,113.0,87.0,1,1,1025,420,False,False,WALL_AVAILABLE,WALL_AVAILABLE,WALL_ANALYSIS_VERIFIED,MATURITY_MONTH_ONLY_EXACT_EXPIRY_NOT_AVAILABLE,MAX_OI_LOWEST_STRIKE_REPRESENTATIVE_ALL_CANDIDATES_PRESERVED,2.57172215028612,1.4964457135913485,-62.0,0.0,-44.0,0.0,-158.41000000000008,-13.385893308320874,,-763.4100000000001,-64.50934164828757,,MIN_RETAINED_MATURITY_MONTH_NOT_BEFORE_TRADE_MONTH,1183.41,pykrx,kr_kospi200_index_daily,PIT_SAFE_EOD_T_PLUS_1
2026-05-13,2026-05,OFFICIAL_DATA_GO_KR_2020_PRESENT,UNSPECIFIED_BY_SOURCE,data_go_kr,130856,340785,246617,292590,1332.5,420.0,9680,23086,30002.0,44.0,1,1,1332.5,420,False,False,WALL_AVAILABLE,WALL_AVAILABLE,WALL_ANALYSIS_VERIFIED,MATURITY_MONTH_ONLY_EXACT_EXPIRY_NOT_AVAILABLE,MAX_OI_LOWEST_STRIKE_REPRESENTATIVE_ALL_CANDIDATES_PRESERVED,2.6042749281653115,1.1864145618509674,3092.0,307.5,-9.0,0.0,112.32999999999991,9.206094232770834,,-800.1700000000001,-65.57856692100282,,MIN_RETAINED_MATURITY_MONTH_NOT_BEFORE_TRADE_MONTH,1220.17,pykrx,kr_kospi200_index_daily,PIT_SAFE_EOD_T_PLUS_1
2026-05-14,2026-05,OFFICIAL_DATA_GO_KR_2020_PRESENT,UNSPECIFIED_BY_SOURCE,data_go_kr,0,0,632930,489379,,,0,0,,,369,369,420|422.5|425|427.5|430|432.5|435|437.5|440|442.5|445|447.5|450|452.5|455|457.5|460|462.5|465|467.5|470|472.5|475|477.5|480|482.5|485|487.5|490|492.5|495|497.5|500|502.5|505|507.5|510|512.5|515|517.5|520|522.5|525|527.5|530|532.5|535|537.5|540|542.5|545|547.5|550|552.5|555|557.5|560|562.5|565|567.5|570|572.5|575|577.5|580|582.5|585|587.5|590|592.5|595|597.5|600|602.5|605|607.5|610|612.5|615|617.5|620|622.5|625|627.5|630|632.5|635|637.5|640|642.5|645|647.5|650|652.5|655|657.5|660|662.5|665|667.5|670|672.5|675|677.5|680|682.5|685|687.5|690|692.5|695|697.5|700|702.5|705|707.5|710|712.5|715|717.5|720|722.5|725|727.5|730|732.5|735|737.5|740|742.5|745|747.5|750|752.5|755|757.5|760|762.5|765|767.5|770|772.5|775|777.5|780|782.5|785|787.5|790|792.5|795|797.5|800|802.5|805|807.5|810|812.5|815|817.5|820|822.5|825|827.5|830|832.5|835|837.5|840|842.5|845|847.5|850|852.5|855|857.5|860|862.5|865|867.5|870|872.5|875|877.5|880|882.5|885|887.5|890|892.5|895|897.5|900|902.5|905|907.5|910|912.5|915|917.5|920|922.5|925|927.5|930|932.5|935|937.5|940|942.5|945|947.5|950|952.5|955|957.5|960|962.5|965|967.5|970|972.5|975|977.5|980|982.5|985|987.5|990|992.5|995|997.5|1000|1002.5|1005|1007.5|1010|1012.5|1015|1017.5|1020|1022.5|1025|1027.5|1030|1032.5|1035|1037.5|1040|1042.5|1045|1047.5|1050|1052.5|1055|1057.5|1060|1062.5|1065|1067.5|1070|1072.5|1075|1077.5|1080|1082.5|1085|1087.5|1090|1092.5|1095|1097.5|1100|1102.5|1105|1107.5|1110|1112.5|1115|1117.5|1120|1122.5|1125|1127.5|1130|1132.5|1135|1137.5|1140|1142.5|1145|1147.5|1150|1152.5|1155|1157.5|1160|1162.5|1165|1167.5|1170|1172.5|1175|1177.5|1180|1182.5|1185|1187.5|1190|1192.5|1195|1197.5|1200|1202.5|1205|1207.5|1210|1212.5|1215|1217.5|1220|1222.5|1225|1227.5|1230|1232.5|1235|1237.5|1240|1242.5|1245|1247.5|1250|1252.5|1255|1257.5|1260|1262.5|1265|1267.5|1270|1272.5|1275|1277.5|1280|1282.5|1285|1287.5|1290|1292.5|1295|1297.5|1300|1302.5|1305|1307.5|1310|1312.5|1315|1317.5|1320|1322.5|1325|1327.5|1330|1332.5|1335|1337.5|1340,420|422.5|425|427.5|430|432.5|435|437.5|440|442.5|445|447.5|450|452.5|455|457.5|460|462.5|465|467.5|470|472.5|475|477.5|480|482.5|485|487.5|490|492.5|495|497.5|500|502.5|505|507.5|510|512.5|515|517.5|520|522.5|525|527.5|530|532.5|535|537.5|540|542.5|545|547.5|550|552.5|555|557.5|560|562.5|565|567.5|570|572.5|575|577.5|580|582.5|585|587.5|590|592.5|595|597.5|600|602.5|605|607.5|610|612.5|615|617.5|620|622.5|625|627.5|630|632.5|635|637.5|640|642.5|645|647.5|650|652.5|655|657.5|660|662.5|665|667.5|670|672.5|675|677.5|680|682.5|685|687.5|690|692.5|695|697.5|700|702.5|705|707.5|710|712.5|715|717.5|720|722.5|725|727.5|730|732.5|735|737.5|740|742.5|745|747.5|750|752.5|755|757.5|760|762.5|765|767.5|770|772.5|775|777.5|780|782.5|785|787.5|790|792.5|795|797.5|800|802.5|805|807.5|810|812.5|815|817.5|820|822.5|825|827.5|830|832.5|835|837.5|840|842.5|845|847.5|850|852.5|855|857.5|860|862.5|865|867.5|870|872.5|875|877.5|880|882.5|885|887.5|890|892.5|895|897.5|900|902.5|905|907.5|910|912.5|915|917.5|920|922.5|925|927.5|930|932.5|935|937.5|940|942.5|945|947.5|950|952.5|955|957.5|960|962.5|965|967.5|970|972.5|975|977.5|980|982.5|985|987.5|990|992.5|995|997.5|1000|1002.5|1005|1007.5|1010|1012.5|1015|1017.5|1020|1022.5|1025|1027.5|1030|1032.5|1035|1037.5|1040|1042.5|1045|1047.5|1050|1052.5|1055|1057.5|1060|1062.5|1065|1067.5|1070|1072.5|1075|1077.5|1080|1082.5|1085|1087.5|1090|1092.5|1095|1097.5|1100|1102.5|1105|1107.5|1110|1112.5|1115|1117.5|1120|1122.5|1125|1127.5|1130|1132.5|1135|1137.5|1140|1142.5|1145|1147.5|1150|1152.5|1155|1157.5|1160|1162.5|1165|1167.5|1170|1172.5|1175|1177.5|1180|1182.5|1185|1187.5|1190|1192.5|1195|1197.5|1200|1202.5|1205|1207.5|1210|1212.5|1215|1217.5|1220|1222.5|1225|1227.5|1230|1232.5|1235|1237.5|1240|1242.5|1245|1247.5|1250|1252.5|1255|1257.5|1260|1262.5|1265|1267.5|1270|1272.5|1275|1277.5|1280|1282.5|1285|1287.5|1290|1292.5|1295|1297.5|1300|1302.5|1305|1307.5|1310|1312.5|1315|1317.5|1320|1322.5|1325|1327.5|1330|1332.5|1335|1337.5|1340,True,True,NO_OPEN_INTEREST,NO_OPEN_INTEREST,WALL_ANALYSIS_VERIFIED,MATURITY_MONTH_ONLY_EXACT_EXPIRY_NOT_AVAILABLE,MAX_OI_LOWEST_STRIKE_REPRESENTATIVE_ALL_CANDIDATES_PRESERVED,,0.7731960880350117,-9680.0,,-23086.0,,,,,,,,MIN_RETAINED_MATURITY_MONTH_NOT_BEFORE_TRADE_MONTH,1243.17,pykrx,kr_kospi200_index_daily,PIT_SAFE_EOD_T_PLUS_1
2026-05-15,2026-06,OFFICIAL_DATA_GO_KR_2020_PRESENT,UNSPECIFIED_BY_SOURCE,data_go_kr,126053,244629,11896,62290,1000.0,700.0,7142,10732,2.0,1431.0,1,1,1000,700,False,False,WALL_AVAILABLE,WALL_AVAILABLE,WALL_ANALYSIS_VERIFIED,MATURITY_MONTH_ONLY_EXACT_EXPIRY_NOT_AVAILABLE,MAX_OI_LOWEST_STRIKE_REPRESENTATIVE_ALL_CANDIDATES_PRESERVED,1.9406836806740024,5.2362138533961,0.0,0.0,300.0,0.0,-162.3900000000001,-13.970354184051835,,-462.3900000000001,-39.77924792883629,,MIN_RETAINED_MATURITY_MONTH_NOT_BEFORE_TRADE_MONTH,1162.39,pykrx,kr_kospi200_index_daily,PIT_SAFE_EOD_T_PLUS_1
2026-05-18,2026-06,OFFICIAL_DATA_GO_KR_2020_PRESENT,UNSPECIFIED_BY_SOURCE,data_go_kr,129505,251882,12501,44473,1000.0,700.0,7142,10880,5.0,1677.0,1,1,1000,700,False,False,WALL_AVAILABLE,WALL_AVAILABLE,WALL_ANALYSIS_VERIFIED,MATURITY_MONTH_ONLY_EXACT_EXPIRY_NOT_AVAILABLE,MAX_OI_LOWEST_STRIKE_REPRESENTATIVE_ALL_CANDIDATES_PRESERVED,1.9449596540674103,3.5575553955683543,0.0,0.0,148.0,0.0,-171.29999999999995,-14.624775890036712,,-471.3,-40.237343123025695,,MIN_RETAINED_MATURITY_MONTH_NOT_BEFORE_TRADE_MONTH,1171.3,pykrx,kr_kospi200_index_daily,PIT_SAFE_EOD_T_PLUS_1
2026-05-19,2026-06,OFFICIAL_DATA_GO_KR_2020_PRESENT,UNSPECIFIED_BY_SOURCE,data_go_kr,133624,260281,13996,45907,1000.0,700.0,7144,10401,7.0,4252.0,1,1,1000,700,False,False,WALL_AVAILABLE,WALL_AVAILABLE,WALL_ANALYSIS_VERIFIED,MATURITY_MONTH_ONLY_EXACT_EXPIRY_NOT_AVAILABLE,MAX_OI_LOWEST_STRIKE_REPRESENTATIVE_ALL_CANDIDATES_PRESERVED,1.9478611626653888,3.2800085738782507,2.0,0.0,-479.0,0.0,-132.42000000000007,-11.693541265608175,,-432.4200000000001,-38.18547888592572,,MIN_RETAINED_MATURITY_MONTH_NOT_BEFORE_TRADE_MONTH,1132.42,pykrx,kr_kospi200_index_daily,PIT_SAFE_EOD_T_PLUS_1
2026-05-20,2026-06,OFFICIAL_DATA_GO_KR_2020_PRESENT,UNSPECIFIED_BY_SOURCE,data_go_kr,136437,266638,15549,54338,1000.0,700.0,7145,10481,2.0,2811.0,1,1,1000,700,False,False,WALL_AVAILABLE,WALL_AVAILABLE,WALL_ANALYSIS_VERIFIED,MATURITY_MONTH_ONLY_EXACT_EXPIRY_NOT_AVAILABLE,MAX_OI_LOWEST_STRIKE_REPRESENTATIVE_ALL_CANDIDATES_PRESERVED,1.9542939232026504,3.494629879735032,1.0,0.0,80.0,0.0,-125.51,-11.151389148030669,,-425.51,-37.80597240362147,,MIN_RETAINED_MATURITY_MONTH_NOT_BEFORE_TRADE_MONTH,1125.51,pykrx,kr_kospi200_index_daily,PIT_SAFE_EOD_T_PLUS_1
2026-05-21,2026-06,OFFICIAL_DATA_GO_KR_2020_PRESENT,UNSPECIFIED_BY_SOURCE,data_go_kr,140316,280848,16275,58902,1000.0,700.0,7147,10600,3.0,1894.0,1,1,1000,700,False,False,WALL_AVAILABLE,WALL_AVAILABLE,WALL_ANALYSIS_VERIFIED,MATURITY_MONTH_ONLY_EXACT_EXPIRY_NOT_AVAILABLE,MAX_OI_LOWEST_STRIKE_REPRESENTATIVE_ALL_CANDIDATES_PRESERVED,2.0015393825365604,3.619170506912442,2.0,0.0,119.0,0.0,-225.22000000000003,-18.38200486443251,,-525.22,-42.86740340510276,,MIN_RETAINED_MATURITY_MONTH_NOT_BEFORE_TRADE_MONTH,1225.22,pykrx,kr_kospi200_index_daily,PIT_SAFE_EOD_T_PLUS_1
2026-05-22,2026-06,OFFICIAL_DATA_GO_KR_2020_PRESENT,UNSPECIFIED_BY_SOURCE,data_go_kr,139883,295887,11540,61681,1000.0,700.0,7146,10214,2.0,2570.0,1,1,1000,700,False,False,WALL_AVAILABLE,WALL_AVAILABLE,WALL_ANALYSIS_VERIFIED,MATURITY_MONTH_ONLY_EXACT_EXPIRY_NOT_AVAILABLE,MAX_OI_LOWEST_STRIKE_REPRESENTATIVE_ALL_CANDIDATES_PRESERVED,2.1152463129901418,5.344974003466205,-1.0,0.0,-386.0,0.0,-226.03,-18.43592734272408,,-526.03,-42.90514913990685,,MIN_RETAINED_MATURITY_MONTH_NOT_BEFORE_TRADE_MONTH,1226.03,pykrx,kr_kospi200_index_daily,PIT_SAFE_EOD_T_PLUS_1
2026-05-26,2026-06,OFFICIAL_DATA_GO_KR_2020_PRESENT,UNSPECIFIED_BY_SOURCE,data_go_kr,140799,306167,11469,45243,1000.0,700.0,7143,10564,7.0,1174.0,1,1,1000,700,False,False,WALL_AVAILABLE,WALL_AVAILABLE,WALL_ANALYSIS_VERIFIED,MATURITY_MONTH_ONLY_EXACT_EXPIRY_NOT_AVAILABLE,MAX_OI_LOWEST_STRIKE_REPRESENTATIVE_ALL_CANDIDATES_PRESERVED,2.174496977961492,3.9448077426105153,-3.0,0.0,350.0,0.0,-260.53,-20.668290322324733,,-560.53,-44.467803225627314,,MIN_RETAINED_MATURITY_MONTH_NOT_BEFORE_TRADE_MONTH,1260.53,pykrx,kr_kospi200_index_daily,PIT_SAFE_EOD_T_PLUS_1
2026-05-27,2026-06,OFFICIAL_DATA_GO_KR_2020_PRESENT,UNSPECIFIED_BY_SOURCE,data_go_kr,141306,312486,13070,64078,1000.0,700.0,7143,10791,2.0,1561.0,1,1,1000,700,False,False,WALL_AVAILABLE,WALL_AVAILABLE,WALL_ANALYSIS_VERIFIED,MATURITY_MONTH_ONLY_EXACT_EXPIRY_NOT_AVAILABLE,MAX_OI_LOWEST_STRIKE_REPRESENTATIVE_ALL_CANDIDATES_PRESERVED,2.2114135280879794,4.902677888293803,0.0,0.0,227.0,0.0,-298.8599999999999,-23.009408250311804,,-598.8599999999999,-46.10658577521826,,MIN_RETAINED_MATURITY_MONTH_NOT_BEFORE_TRADE_MONTH,1298.86,pykrx,kr_kospi200_index_daily,PIT_SAFE_EOD_T_PLUS_1
2026-05-28,2026-06,OFFICIAL_DATA_GO_KR_2020_PRESENT,UNSPECIFIED_BY_SOURCE,data_go_kr,147891,327833,22830,66370,1000.0,700.0,7143,10703,1.0,1818.0,1,1,1000,700,False,False,WALL_AVAILABLE,WALL_AVAILABLE,WALL_ANALYSIS_VERIFIED,MATURITY_MONTH_ONLY_EXACT_EXPIRY_NOT_AVAILABLE,MAX_OI_LOWEST_STRIKE_REPRESENTATIVE_ALL_CANDIDATES_PRESERVED,2.216720422473308,2.907139728427508,0.0,0.0,-88.0,0.0,-292.56999999999994,-22.6347509225806,,-592.5699999999999,-45.844325645806414,,MIN_RETAINED_MATURITY_MONTH_NOT_BEFORE_TRADE_MONTH,1292.57,pykrx,kr_kospi200_index_daily,PIT_SAFE_EOD_T_PLUS_1
2026-05-29,2026-06,OFFICIAL_DATA_GO_KR_2020_PRESENT,UNSPECIFIED_BY_SOURCE,data_go_kr,147420,336783,12895,72644,1000.0,700.0,7145,10740,4.0,1759.0,1,1,1000,700,False,False,WALL_AVAILABLE,WALL_AVAILABLE,WALL_ANALYSIS_VERIFIED,MATURITY_MONTH_ONLY_EXACT_EXPIRY_NOT_AVAILABLE,MAX_OI_LOWEST_STRIKE_REPRESENTATIVE_ALL_CANDIDATES_PRESERVED,2.2845136345136345,5.633501357115161,2.0,0.0,37.0,0.0,-342.81999999999994,-25.529855081097985,,-642.8199999999999,-47.870898556768594,,MIN_RETAINED_MATURITY_MONTH_NOT_BEFORE_TRADE_MONTH,1342.82,pykrx,kr_kospi200_index_daily,PIT_SAFE_EOD_T_PLUS_1
2026-06-01,2026-06,OFFICIAL_DATA_GO_KR_2020_PRESENT,UNSPECIFIED_BY_SOURCE,data_go_kr,147938,353083,15973,84838,1000.0,700.0,7146,10705,2.0,1190.0,1,1,1000,700,False,False,WALL_AVAILABLE,WALL_AVAILABLE,WALL_ANALYSIS_VERIFIED,MATURITY_MONTH_ONLY_EXACT_EXPIRY_NOT_AVAILABLE,MAX_OI_LOWEST_STRIKE_REPRESENTATIVE_ALL_CANDIDATES_PRESERVED,2.386695777961038,5.311337882677018,1.0,0.0,-35.0,0.0,-399.9100000000001,-28.5668364394854,,-699.9100000000001,-49.996785507639785,,MIN_RETAINED_MATURITY_MONTH_NOT_BEFORE_TRADE_MONTH,1399.91,pykrx,kr_kospi200_index_daily,PIT_SAFE_EOD_T_PLUS_1
2026-06-02,2026-06,OFFICIAL_DATA_GO_KR_2020_PRESENT,UNSPECIFIED_BY_SOURCE,data_go_kr,150899,367723,20076,61881,1000.0,700.0,7145,10446,3.0,1236.0,1,1,1000,700,False,False,WALL_AVAILABLE,WALL_AVAILABLE,WALL_ANALYSIS_VERIFIED,MATURITY_MONTH_ONLY_EXACT_EXPIRY_NOT_AVAILABLE,MAX_OI_LOWEST_STRIKE_REPRESENTATIVE_ALL_CANDIDATES_PRESERVED,2.436881622807308,3.0823371189479976,-1.0,0.0,-259.0,0.0,-407.23,-28.938410920745007,,-707.23,-50.25688764452151,,MIN_RETAINED_MATURITY_MONTH_NOT_BEFORE_TRADE_MONTH,1407.23,pykrx,kr_kospi200_index_daily,PIT_SAFE_EOD_T_PLUS_1
2026-06-04,2026-06,OFFICIAL_DATA_GO_KR_2020_PRESENT,UNSPECIFIED_BY_SOURCE,data_go_kr,152325,378243,20735,87471,1000.0,800.0,7145,11163,0.0,2245.0,1,1,1000,800,False,False,WALL_AVAILABLE,WALL_AVAILABLE,WALL_ANALYSIS_VERIFIED,MATURITY_MONTH_ONLY_EXACT_EXPIRY_NOT_AVAILABLE,MAX_OI_LOWEST_STRIKE_REPRESENTATIVE_ALL_CANDIDATES_PRESERVED,2.4831314623338256,4.21851941162286,0.0,0.0,717.0,100.0,-379.56,-27.51312012525733,,-579.56,-42.01049610020586,,MIN_RETAINED_MATURITY_MONTH_NOT_BEFORE_TRADE_MONTH,1379.56,pykrx,kr_kospi200_index_daily,PIT_SAFE_EOD_T_PLUS_1
2026-06-05,2026-06,OFFICIAL_DATA_GO_KR_2020_PRESENT,UNSPECIFIED_BY_SOURCE,data_go_kr,158786,385437,37429,83241,1000.0,800.0,7145,10742,0.0,2148.0,1,1,1000,800,False,False,WALL_AVAILABLE,WALL_AVAILABLE,WALL_ANALYSIS_VERIFIED,MATURITY_MONTH_ONLY_EXACT_EXPIRY_NOT_AVAILABLE,MAX_OI_LOWEST_STRIKE_REPRESENTATIVE_ALL_CANDIDATES_PRESERVED,2.4273991409822027,2.223970717892543,0.0,0.0,-421.0,0.0,-297.02,-22.900186581548475,,-497.02,-38.320149265238776,,MIN_RETAINED_MATURITY_MONTH_NOT_BEFORE_TRADE_MONTH,1297.02,pykrx,kr_kospi200_index_daily,PIT_SAFE_EOD_T_PLUS_1
2026-06-08,2026-06,OFFICIAL_DATA_GO_KR_2020_PRESENT,UNSPECIFIED_BY_SOURCE,data_go_kr,172813,393058,65601,87105,1000.0,800.0,7146,11145,2.0,5257.0,1,1,1000,800,False,False,WALL_AVAILABLE,WALL_AVAILABLE,WALL_ANALYSIS_VERIFIED,MATURITY_MONTH_ONLY_EXACT_EXPIRY_NOT_AVAILABLE,MAX_OI_LOWEST_STRIKE_REPRESENTATIVE_ALL_CANDIDATES_PRESERVED,2.274470091949101,1.3277998810993734,1.0,0.0,403.0,0.0,-186.54,-15.721341042021342,,-386.54,-32.57707283361707,,MIN_RETAINED_MATURITY_MONTH_NOT_BEFORE_TRADE_MONTH,1186.54,pykrx,kr_kospi200_index_daily,PIT_SAFE_EOD_T_PLUS_1
2026-06-09,2026-06,OFFICIAL_DATA_GO_KR_2020_PRESENT,UNSPECIFIED_BY_SOURCE,data_go_kr,179862,447491,197948,210441,1000.0,800.0,7145,11421,2.0,5150.0,1,1,1000,800,False,False,WALL_AVAILABLE,WALL_AVAILABLE,WALL_ANALYSIS_VERIFIED,MATURITY_MONTH_ONLY_EXACT_EXPIRY_NOT_AVAILABLE,MAX_OI_LOWEST_STRIKE_REPRESENTATIVE_ALL_CANDIDATES_PRESERVED,2.487968553668924,1.0631125346050478,-1.0,0.0,276.0,0.0,-293.4000000000001,-22.684397711458185,,-493.4000000000001,-38.14751816916654,,MIN_RETAINED_MATURITY_MONTH_NOT_BEFORE_TRADE_MONTH,1293.4,pykrx,kr_kospi200_index_daily,PIT_SAFE_EOD_T_PLUS_1
2026-06-10,2026-06,OFFICIAL_DATA_GO_KR_2020_PRESENT,UNSPECIFIED_BY_SOURCE,data_go_kr,199803,474416,230135,210040,1000.0,800.0,7140,11808,8.0,2889.0,1,1,1000,800,False,False,WALL_AVAILABLE,WALL_AVAILABLE,WALL_ANALYSIS_VERIFIED,MATURITY_MONTH_ONLY_EXACT_EXPIRY_NOT_AVAILABLE,MAX_OI_LOWEST_STRIKE_REPRESENTATIVE_ALL_CANDIDATES_PRESERVED,2.374418802520483,0.9126816868359876,-5.0,0.0,387.0,0.0,-227.1199999999999,-18.508377338809566,,-427.1199999999999,-34.80670187104765,,MIN_RETAINED_MATURITY_MONTH_NOT_BEFORE_TRADE_MONTH,1227.12,pykrx,kr_kospi200_index_daily,PIT_SAFE_EOD_T_PLUS_1
2026-06-11,2026-06,OFFICIAL_DATA_GO_KR_2020_PRESENT,UNSPECIFIED_BY_SOURCE,data_go_kr,0,0,433731,432244,,,0,0,,,540,540,180|182.5|185|187.5|190|192.5|195|197.5|200|202.5|205|207.5|210|212.5|215|217.5|220|222.5|225|227.5|230|232.5|235|237.5|240|242.5|245|247.5|250|252.5|255|257.5|260|262.5|265|267.5|270|272.5|275|277.5|280|282.5|285|287.5|290|292.5|295|297.5|300|302.5|305|307.5|310|312.5|315|317.5|320|322.5|325|327.5|330|332.5|335|337.5|340|342.5|345|347.5|350|352.5|355|357.5|360|362.5|365|367.5|370|372.5|375|377.5|380|382.5|385|387.5|390|392.5|395|397.5|400|402.5|405|407.5|410|412.5|415|417.5|420|422.5|425|427.5|430|432.5|435|437.5|440|442.5|445|447.5|450|452.5|455|457.5|460|462.5|465|467.5|470|472.5|475|477.5|480|482.5|485|487.5|490|492.5|495|497.5|500|502.5|505|507.5|510|512.5|515|517.5|520|522.5|525|527.5|530|532.5|535|537.5|540|542.5|545|547.5|550|552.5|555|557.5|560|562.5|565|567.5|570|572.5|575|577.5|580|582.5|585|587.5|590|592.5|595|597.5|600|602.5|605|607.5|610|612.5|615|617.5|620|622.5|625|627.5|630|632.5|635|637.5|640|642.5|645|647.5|650|652.5|655|657.5|660|662.5|665|667.5|670|672.5|675|677.5|680|682.5|685|687.5|690|692.5|695|697.5|700|702.5|705|707.5|710|712.5|715|717.5|720|722.5|725|727.5|730|732.5|735|737.5|740|742.5|745|747.5|750|752.5|755|757.5|760|762.5|765|767.5|770|772.5|775|777.5|780|782.5|785|787.5|790|792.5|795|797.5|800|802.5|805|807.5|810|812.5|815|817.5|820|822.5|825|827.5|830|832.5|835|837.5|840|842.5|845|847.5|850|852.5|855|857.5|860|862.5|865|867.5|870|872.5|875|877.5|880|882.5|885|887.5|890|892.5|895|897.5|900|902.5|905|907.5|910|912.5|915|917.5|920|922.5|925|927.5|930|932.5|935|937.5|940|942.5|945|947.5|950|952.5|955|957.5|960|962.5|965|967.5|970|972.5|975|977.5|980|982.5|985|987.5|990|992.5|995|997.5|1000|1002.5|1005|1007.5|1010|1012.5|1015|1017.5|1020|1022.5|1025|1027.5|1030|1032.5|1035|1037.5|1040|1042.5|1045|1047.5|1050|1052.5|1055|1057.5|1060|1062.5|1065|1067.5|1070|1072.5|1075|1077.5|1080|1082.5|1085|1087.5|1090|1092.5|1095|1097.5|1100|1102.5|1105|1107.5|1110|1112.5|1115|1117.5|1120|1122.5|1125|1127.5|1130|1132.5|1135|1137.5|1140|1142.5|1145|1147.5|1150|1152.5|1155|1157.5|1160|1162.5|1165|1167.5|1170|1172.5|1175|1177.5|1180|1182.5|1185|1187.5|1190|1192.5|1195|1197.5|1200|1202.5|1205|1207.5|1210|1212.5|1215|1217.5|1220|1222.5|1225|1227.5|1230|1232.5|1235|1237.5|1240|1242.5|1245|1247.5|1250|1252.5|1255|1257.5|1260|1262.5|1265|1267.5|1270|1272.5|1275|1277.5|1280|1282.5|1285|1287.5|1290|1292.5|1295|1297.5|1300|1302.5|1305|1307.5|1310|1312.5|1315|1317.5|1320|1322.5|1325|1327.5|1330|1332.5|1335|1337.5|1340|1342.5|1345|1347.5|1350|1352.5|1355|1357.5|1360|1362.5|1365|1367.5|1370|1372.5|1375|1377.5|1380|1382.5|1385|1387.5|1390|1392.5|1395|1397.5|1400|1402.5|1405|1407.5|1410|1412.5|1415|1417.5|1420|1422.5|1425|1427.5|1430|1432.5|1435|1437.5|1440|1442.5|1445|1447.5|1450|1452.5|1455|1457.5|1460|1462.5|1465|1467.5|1470|1472.5|1475|1477.5|1480|1482.5|1485|1487.5|1490|1492.5|1495|1497.5|1500|1502.5|1505|1507.5|1510|1512.5|1515|1517.5|1520|1522.5|1525|1527.5,180|182.5|185|187.5|190|192.5|195|197.5|200|202.5|205|207.5|210|212.5|215|217.5|220|222.5|225|227.5|230|232.5|235|237.5|240|242.5|245|247.5|250|252.5|255|257.5|260|262.5|265|267.5|270|272.5|275|277.5|280|282.5|285|287.5|290|292.5|295|297.5|300|302.5|305|307.5|310|312.5|315|317.5|320|322.5|325|327.5|330|332.5|335|337.5|340|342.5|345|347.5|350|352.5|355|357.5|360|362.5|365|367.5|370|372.5|375|377.5|380|382.5|385|387.5|390|392.5|395|397.5|400|402.5|405|407.5|410|412.5|415|417.5|420|422.5|425|427.5|430|432.5|435|437.5|440|442.5|445|447.5|450|452.5|455|457.5|460|462.5|465|467.5|470|472.5|475|477.5|480|482.5|485|487.5|490|492.5|495|497.5|500|502.5|505|507.5|510|512.5|515|517.5|520|522.5|525|527.5|530|532.5|535|537.5|540|542.5|545|547.5|550|552.5|555|557.5|560|562.5|565|567.5|570|572.5|575|577.5|580|582.5|585|587.5|590|592.5|595|597.5|600|602.5|605|607.5|610|612.5|615|617.5|620|622.5|625|627.5|630|632.5|635|637.5|640|642.5|645|647.5|650|652.5|655|657.5|660|662.5|665|667.5|670|672.5|675|677.5|680|682.5|685|687.5|690|692.5|695|697.5|700|702.5|705|707.5|710|712.5|715|717.5|720|722.5|725|727.5|730|732.5|735|737.5|740|742.5|745|747.5|750|752.5|755|757.5|760|762.5|765|767.5|770|772.5|775|777.5|780|782.5|785|787.5|790|792.5|795|797.5|800|802.5|805|807.5|810|812.5|815|817.5|820|822.5|825|827.5|830|832.5|835|837.5|840|842.5|845|847.5|850|852.5|855|857.5|860|862.5|865|867.5|870|872.5|875|877.5|880|882.5|885|887.5|890|892.5|895|897.5|900|902.5|905|907.5|910|912.5|915|917.5|920|922.5|925|927.5|930|932.5|935|937.5|940|942.5|945|947.5|950|952.5|955|957.5|960|962.5|965|967.5|970|972.5|975|977.5|980|982.5|985|987.5|990|992.5|995|997.5|1000|1002.5|1005|1007.5|1010|1012.5|1015|1017.5|1020|1022.5|1025|1027.5|1030|1032.5|1035|1037.5|1040|1042.5|1045|1047.5|1050|1052.5|1055|1057.5|1060|1062.5|1065|1067.5|1070|1072.5|1075|1077.5|1080|1082.5|1085|1087.5|1090|1092.5|1095|1097.5|1100|1102.5|1105|1107.5|1110|1112.5|1115|1117.5|1120|1122.5|1125|1127.5|1130|1132.5|1135|1137.5|1140|1142.5|1145|1147.5|1150|1152.5|1155|1157.5|1160|1162.5|1165|1167.5|1170|1172.5|1175|1177.5|1180|1182.5|1185|1187.5|1190|1192.5|1195|1197.5|1200|1202.5|1205|1207.5|1210|1212.5|1215|1217.5|1220|1222.5|1225|1227.5|1230|1232.5|1235|1237.5|1240|1242.5|1245|1247.5|1250|1252.5|1255|1257.5|1260|1262.5|1265|1267.5|1270|1272.5|1275|1277.5|1280|1282.5|1285|1287.5|1290|1292.5|1295|1297.5|1300|1302.5|1305|1307.5|1310|1312.5|1315|1317.5|1320|1322.5|1325|1327.5|1330|1332.5|1335|1337.5|1340|1342.5|1345|1347.5|1350|1352.5|1355|1357.5|1360|1362.5|1365|1367.5|1370|1372.5|1375|1377.5|1380|1382.5|1385|1387.5|1390|1392.5|1395|1397.5|1400|1402.5|1405|1407.5|1410|1412.5|1415|1417.5|1420|1422.5|1425|1427.5|1430|1432.5|1435|1437.5|1440|1442.5|1445|1447.5|1450|1452.5|1455|1457.5|1460|1462.5|1465|1467.5|1470|1472.5|1475|1477.5|1480|1482.5|1485|1487.5|1490|1492.5|1495|1497.5|1500|1502.5|1505|1507.5|1510|1512.5|1515|1517.5|1520|1522.5|1525|1527.5,True,True,NO_OPEN_INTEREST,NO_OPEN_INTEREST,WALL_ANALYSIS_VERIFIED,MATURITY_MONTH_ONLY_EXACT_EXPIRY_NOT_AVAILABLE,MAX_OI_LOWEST_STRIKE_REPRESENTATIVE_ALL_CANDIDATES_PRESERVED,,0.9965716077476592,-7140.0,,-11808.0,,,,,,,,MIN_RETAINED_MATURITY_MONTH_NOT_BEFORE_TRADE_MONTH,1231.54,pykrx,kr_kospi200_index_daily,PIT_SAFE_EOD_T_PLUS_1
2026-06-12,2026-07,OFFICIAL_DATA_GO_KR_2020_PRESENT,UNSPECIFIED_BY_SOURCE,data_go_kr,20504,62442,7865,31159,1527.5,545.0,3739,9749,4111.0,6114.0,1,1,1527.5,545,False,False,WALL_AVAILABLE,WALL_AVAILABLE,WALL_ANALYSIS_VERIFIED,MATURITY_MONTH_ONLY_EXACT_EXPIRY_NOT_AVAILABLE,MAX_OI_LOWEST_STRIKE_REPRESENTATIVE_ALL_CANDIDATES_PRESERVED,3.04535700351151,3.961729179910998,935.0,0.0,1800.0,0.0,236.1800000000001,18.28981197534308,,-746.3199999999999,-57.79512436886287,,MIN_RETAINED_MATURITY_MONTH_NOT_BEFORE_TRADE_MONTH,1291.32,pykrx,kr_kospi200_index_daily,PIT_SAFE_EOD_T_PLUS_1
2026-06-15,2026-07,OFFICIAL_DATA_GO_KR_2020_PRESENT,UNSPECIFIED_BY_SOURCE,data_go_kr,21780,77287,5449,38263,1527.5,545.0,4514,9922,4068.0,5948.0,1,1,1527.5,545,False,False,WALL_AVAILABLE,WALL_AVAILABLE,WALL_ANALYSIS_VERIFIED,MATURITY_MONTH_ONLY_EXACT_EXPIRY_NOT_AVAILABLE,MAX_OI_LOWEST_STRIKE_REPRESENTATIVE_ALL_CANDIDATES_PRESERVED,3.548530762167126,7.022022389429253,775.0,0.0,173.0,0.0,167.24,12.294708364577357,,-815.26,-59.93413023980709,,MIN_RETAINED_MATURITY_MONTH_NOT_BEFORE_TRADE_MONTH,1360.26,pykrx,kr_kospi200_index_daily,PIT_SAFE_EOD_T_PLUS_1
2026-06-16,2026-07,OFFICIAL_DATA_GO_KR_2020_PRESENT,UNSPECIFIED_BY_SOURCE,data_go_kr,24709,90668,7057,48696,1527.5,545.0,5527,10925,4015.0,4875.0,1,1,1527.5,545,False,False,WALL_AVAILABLE,WALL_AVAILABLE,WALL_ANALYSIS_VERIFIED,MATURITY_MONTH_ONLY_EXACT_EXPIRY_NOT_AVAILABLE,MAX_OI_LOWEST_STRIKE_REPRESENTATIVE_ALL_CANDIDATES_PRESERVED,3.669432190699745,6.900382598838033,1013.0,0.0,1003.0,0.0,135.76,9.754695560952475,,-846.74,-60.84038685386639,,MIN_RETAINED_MATURITY_MONTH_NOT_BEFORE_TRADE_MONTH,1391.74,pykrx,kr_kospi200_index_daily,PIT_SAFE_EOD_T_PLUS_1
2026-06-17,2026-07,OFFICIAL_DATA_GO_KR_2020_PRESENT,UNSPECIFIED_BY_SOURCE,data_go_kr,25744,97933,5091,53118,1527.5,545.0,6006,11824,3772.0,6295.0,1,1,1527.5,545,False,False,WALL_AVAILABLE,WALL_AVAILABLE,WALL_ANALYSIS_VERIFIED,MATURITY_MONTH_ONLY_EXACT_EXPIRY_NOT_AVAILABLE,MAX_OI_LOWEST_STRIKE_REPRESENTATIVE_ALL_CANDIDATES_PRESERVED,3.804109695463021,10.433706540954626,479.0,0.0,899.0,0.0,110.52999999999996,7.800447433608326,,-871.97,-61.53764723318066,,MIN_RETAINED_MATURITY_MONTH_NOT_BEFORE_TRADE_MONTH,1416.97,pykrx,kr_kospi200_index_daily,PIT_SAFE_EOD_T_PLUS_1
2026-06-18,2026-07,OFFICIAL_DATA_GO_KR_2020_PRESENT,UNSPECIFIED_BY_SOURCE,data_go_kr,27421,112735,7768,71011,1527.5,545.0,5778,15032,2532.0,7350.0,1,1,1527.5,545,False,False,WALL_AVAILABLE,WALL_AVAILABLE,WALL_ANALYSIS_VERIFIED,MATURITY_MONTH_ONLY_EXACT_EXPIRY_NOT_AVAILABLE,MAX_OI_LOWEST_STRIKE_REPRESENTATIVE_ALL_CANDIDATES_PRESERVED,4.111265088800554,9.141477857878476,-228.0,0.0,3208.0,0.0,68.26999999999998,4.678494822611934,,-914.23,-62.65153539880621,,MIN_RETAINED_MATURITY_MONTH_NOT_BEFORE_TRADE_MONTH,1459.23,pykrx,kr_kospi200_index_daily,PIT_SAFE_EOD_T_PLUS_1
2026-06-19,2026-07,OFFICIAL_DATA_GO_KR_2020_PRESENT,UNSPECIFIED_BY_SOURCE,data_go_kr,29680,116845,7694,46668,1527.5,545.0,5618,16566,1060.0,7287.0,1,1,1527.5,545,False,False,WALL_AVAILABLE,WALL_AVAILABLE,WALL_ANALYSIS_VERIFIED,MATURITY_MONTH_ONLY_EXACT_EXPIRY_NOT_AVAILABLE,MAX_OI_LOWEST_STRIKE_REPRESENTATIVE_ALL_CANDIDATES_PRESERVED,3.9368261455525606,6.065505588770471,-160.0,0.0,1534.0,0.0,68.01999999999998,4.660564036506143,,-914.48,-62.657932962424965,,MIN_RETAINED_MATURITY_MONTH_NOT_BEFORE_TRADE_MONTH,1459.48,pykrx,kr_kospi200_index_daily,PIT_SAFE_EOD_T_PLUS_1
2026-06-22,2026-07,OFFICIAL_DATA_GO_KR_2020_PRESENT,UNSPECIFIED_BY_SOURCE,data_go_kr,30550,122876,5885,37512,1527.5,545.0,5624,18493,464.0,6048.0,1,1,1527.5,545,False,False,WALL_AVAILABLE,WALL_AVAILABLE,WALL_ANALYSIS_VERIFIED,MATURITY_MONTH_ONLY_EXACT_EXPIRY_NOT_AVAILABLE,MAX_OI_LOWEST_STRIKE_REPRESENTATIVE_ALL_CANDIDATES_PRESERVED,4.022127659574468,6.374171622769754,6.0,0.0,1927.0,0.0,50.27999999999997,3.4036907163455643,,-932.22,-63.10637548909438,,MIN_RETAINED_MATURITY_MONTH_NOT_BEFORE_TRADE_MONTH,1477.22,pykrx,kr_kospi200_index_daily,PIT_SAFE_EOD_T_PLUS_1
2026-06-23,2026-07,OFFICIAL_DATA_GO_KR_2020_PRESENT,UNSPECIFIED_BY_SOURCE,data_go_kr,31960,130267,8631,57979,1527.5,545.0,5586,18558,835.0,10012.0,1,1,1527.5,545,False,False,WALL_AVAILABLE,WALL_AVAILABLE,WALL_ANALYSIS_VERIFIED,MATURITY_MONTH_ONLY_EXACT_EXPIRY_NOT_AVAILABLE,MAX_OI_LOWEST_STRIKE_REPRESENTATIVE_ALL_CANDIDATES_PRESERVED,4.075938673341677,6.717529834318156,-38.0,0.0,65.0,0.0,205.79999999999995,15.570855716123177,,-776.7,-58.76522660210335,,MIN_RETAINED_MATURITY_MONTH_NOT_BEFORE_TRADE_MONTH,1321.7,pykrx,kr_kospi200_index_daily,PIT_SAFE_EOD_T_PLUS_1
2026-06-24,2026-07,OFFICIAL_DATA_GO_KR_2020_PRESENT,UNSPECIFIED_BY_SOURCE,data_go_kr,33595,132506,12042,49668,1527.5,545.0,5433,18279,551.0,10784.0,1,1,1527.5,545,False,False,WALL_AVAILABLE,WALL_AVAILABLE,WALL_ANALYSIS_VERIFIED,MATURITY_MONTH_ONLY_EXACT_EXPIRY_NOT_AVAILABLE,MAX_OI_LOWEST_STRIKE_REPRESENTATIVE_ALL_CANDIDATES_PRESERVED,3.9442178895669,4.124564025909318,-153.0,0.0,-279.0,0.0,157.8800000000001,11.527284940348428,,-824.6199999999999,-60.20794088871367,,MIN_RETAINED_MATURITY_MONTH_NOT_BEFORE_TRADE_MONTH,1369.62,pykrx,kr_kospi200_index_daily,PIT_SAFE_EOD_T_PLUS_1
2026-06-25,2026-07,OFFICIAL_DATA_GO_KR_2020_PRESENT,UNSPECIFIED_BY_SOURCE,data_go_kr,34426,142094,7620,72119,1527.5,545.0,5350,19540,287.0,9526.0,1,1,1527.5,545,False,False,WALL_AVAILABLE,WALL_AVAILABLE,WALL_ANALYSIS_VERIFIED,MATURITY_MONTH_ONLY_EXACT_EXPIRY_NOT_AVAILABLE,MAX_OI_LOWEST_STRIKE_REPRESENTATIVE_ALL_CANDIDATES_PRESERVED,4.127519897751699,9.464435695538056,-83.0,0.0,1261.0,0.0,73.34999999999991,5.044183887494413,,-909.15,-62.52106041329986,,MIN_RETAINED_MATURITY_MONTH_NOT_BEFORE_TRADE_MONTH,1454.15,pykrx,kr_kospi200_index_daily,PIT_SAFE_EOD_T_PLUS_1
2026-06-26,2026-07,OFFICIAL_DATA_GO_KR_2020_PRESENT,UNSPECIFIED_BY_SOURCE,data_go_kr,36026,143682,11249,56897,1527.5,545.0,5289,18965,324.0,12906.0,1,1,1527.5,545,False,False,WALL_AVAILABLE,WALL_AVAILABLE,WALL_ANALYSIS_VERIFIED,MATURITY_MONTH_ONLY_EXACT_EXPIRY_NOT_AVAILABLE,MAX_OI_LOWEST_STRIKE_REPRESENTATIVE_ALL_CANDIDATES_PRESERVED,3.988286237717204,5.057960707618455,-61.0,0.0,-575.0,0.0,161.01,11.782742647220257,,-821.49,-60.116795585770845,,MIN_RETAINED_MATURITY_MONTH_NOT_BEFORE_TRADE_MONTH,1366.49,pykrx,kr_kospi200_index_daily,PIT_SAFE_EOD_T_PLUS_1
2026-06-29,2026-07,OFFICIAL_DATA_GO_KR_2020_PRESENT,UNSPECIFIED_BY_SOURCE,data_go_kr,38590,151691,13475,57364,1527.5,545.0,5262,20439,184.0,11057.0,1,1,1527.5,545,False,False,WALL_AVAILABLE,WALL_AVAILABLE,WALL_ANALYSIS_VERIFIED,MATURITY_MONTH_ONLY_EXACT_EXPIRY_NOT_AVAILABLE,MAX_OI_LOWEST_STRIKE_REPRESENTATIVE_ALL_CANDIDATES_PRESERVED,3.9308370044052863,4.257068645640074,-27.0,0.0,1474.0,0.0,174.96000000000004,12.935661791887853,,-807.54,-59.70544309225605,,MIN_RETAINED_MATURITY_MONTH_NOT_BEFORE_TRADE_MONTH,1352.54,pykrx,kr_kospi200_index_daily,PIT_SAFE_EOD_T_PLUS_1
2026-06-30,2026-07,OFFICIAL_DATA_GO_KR_2020_PRESENT,UNSPECIFIED_BY_SOURCE,data_go_kr,38796,167220,14487,66170,1527.5,545.0,4960,23438,659.0,8535.0,1,1,1527.5,545,False,False,WALL_AVAILABLE,WALL_AVAILABLE,WALL_ANALYSIS_VERIFIED,MATURITY_MONTH_ONLY_EXACT_EXPIRY_NOT_AVAILABLE,MAX_OI_LOWEST_STRIKE_REPRESENTATIVE_ALL_CANDIDATES_PRESERVED,4.31023816888339,4.567543314695934,-302.0,0.0,2999.0,0.0,156.76999999999998,11.436971540711882,,-825.73,-60.24016400020427,,MIN_RETAINED_MATURITY_MONTH_NOT_BEFORE_TRADE_MONTH,1370.73,pykrx,kr_kospi200_index_daily,PIT_SAFE_EOD_T_PLUS_1
2026-07-01,2026-07,OFFICIAL_DATA_GO_KR_2020_PRESENT,UNSPECIFIED_BY_SOURCE,data_go_kr,40111,180709,19635,67923,1527.5,545.0,4941,25940,429.0,10882.0,1,1,1527.5,545,False,False,WALL_AVAILABLE,WALL_AVAILABLE,WALL_ANALYSIS_VERIFIED,MATURITY_MONTH_ONLY_EXACT_EXPIRY_NOT_AVAILABLE,MAX_OI_LOWEST_STRIKE_REPRESENTATIVE_ALL_CANDIDATES_PRESERVED,4.505223006157912,3.459281894576012,-19.0,0.0,2502.0,0.0,192.1400000000001,14.388629283489095,,-790.3599999999999,-59.1870357057273,,MIN_RETAINED_MATURITY_MONTH_NOT_BEFORE_TRADE_MONTH,1335.36,pykrx,kr_kospi200_index_daily,PIT_SAFE_EOD_T_PLUS_1
2026-07-02,2026-07,OFFICIAL_DATA_GO_KR_2020_PRESENT,UNSPECIFIED_BY_SOURCE,data_go_kr,46547,185651,38764,69649,1597.5,545.0,5275,27365,11843.0,9316.0,1,1,1597.5,545,False,False,WALL_AVAILABLE,WALL_AVAILABLE,WALL_ANALYSIS_VERIFIED,MATURITY_MONTH_ONLY_EXACT_EXPIRY_NOT_AVAILABLE,MAX_OI_LOWEST_STRIKE_REPRESENTATIVE_ALL_CANDIDATES_PRESERVED,3.9884632736803662,1.7967444020224952,334.0,70.0,1425.0,0.0,377.8800000000001,30.983421065577808,,-674.6199999999999,-55.31395024679817,,MIN_RETAINED_MATURITY_MONTH_NOT_BEFORE_TRADE_MONTH,1219.62,pykrx,kr_kospi200_index_daily,PIT_SAFE_EOD_T_PLUS_1
2026-07-03,2026-07,OFFICIAL_DATA_GO_KR_2020_PRESENT,UNSPECIFIED_BY_SOURCE,data_go_kr,49384,196156,49410,80748,1597.5,545.0,6021,29667,10081.0,6473.0,1,1,1597.5,545,False,False,WALL_AVAILABLE,WALL_AVAILABLE,WALL_ANALYSIS_VERIFIED,MATURITY_MONTH_ONLY_EXACT_EXPIRY_NOT_AVAILABLE,MAX_OI_LOWEST_STRIKE_REPRESENTATIVE_ALL_CANDIDATES_PRESERVED,3.9720557265511096,1.6342440801457194,746.0,0.0,2302.0,0.0,298.20000000000005,22.95081967213115,,-754.3,-58.05433695066574,,MIN_RETAINED_MATURITY_MONTH_NOT_BEFORE_TRADE_MONTH,1299.3,pykrx,kr_kospi200_index_daily,PIT_SAFE_EOD_T_PLUS_1
2026-07-06,2026-07,OFFICIAL_DATA_GO_KR_2020_PRESENT,UNSPECIFIED_BY_SOURCE,data_go_kr,59059,217407,54178,116175,1597.5,545.0,7828,28600,9308.0,2697.0,1,1,1597.5,545,False,False,WALL_AVAILABLE,WALL_AVAILABLE,WALL_ANALYSIS_VERIFIED,MATURITY_MONTH_ONLY_EXACT_EXPIRY_NOT_AVAILABLE,MAX_OI_LOWEST_STRIKE_REPRESENTATIVE_ALL_CANDIDATES_PRESERVED,3.681183223556105,2.14432057292628,1807.0,0.0,-1067.0,0.0,304.3699999999999,23.53746336408557,,-748.1300000000001,-57.854198727119474,,MIN_RETAINED_MATURITY_MONTH_NOT_BEFORE_TRADE_MONTH,1293.13,pykrx,kr_kospi200_index_daily,PIT_SAFE_EOD_T_PLUS_1
2026-07-07,2026-07,OFFICIAL_DATA_GO_KR_2020_PRESENT,UNSPECIFIED_BY_SOURCE,data_go_kr,75752,253909,170814,192657,1597.5,545.0,7868,28368,18304.0,1375.0,1,1,1597.5,545,False,False,WALL_AVAILABLE,WALL_AVAILABLE,WALL_ANALYSIS_VERIFIED,MATURITY_MONTH_ONLY_EXACT_EXPIRY_NOT_AVAILABLE,MAX_OI_LOWEST_STRIKE_REPRESENTATIVE_ALL_CANDIDATES_PRESERVED,3.351845495828493,1.1278759352277916,40.0,0.0,-232.0,0.0,371.93000000000006,30.34751177003354,,-680.5699999999999,-55.53089582806368,,MIN_RETAINED_MATURITY_MONTH_NOT_BEFORE_TRADE_MONTH,1225.57,pykrx,kr_kospi200_index_daily,PIT_SAFE_EOD_T_PLUS_1
2026-07-08,2026-07,OFFICIAL_DATA_GO_KR_2020_PRESENT,UNSPECIFIED_BY_SOURCE,data_go_kr,99187,270425,239363,236727,1597.5,545.0,7435,28370,648.0,10.0,1,1,1597.5,545,False,False,WALL_AVAILABLE,WALL_AVAILABLE,WALL_ANALYSIS_VERIFIED,MATURITY_MONTH_ONLY_EXACT_EXPIRY_NOT_AVAILABLE,MAX_OI_LOWEST_STRIKE_REPRESENTATIVE_ALL_CANDIDATES_PRESERVED,2.726415760129856,0.9889874374903388,-433.0,0.0,2.0,0.0,439.1300000000001,37.90930359038995,,-613.3699999999999,-52.9511296045305,,MIN_RETAINED_MATURITY_MONTH_NOT_BEFORE_TRADE_MONTH,1158.37,pykrx,kr_kospi200_index_daily,PIT_SAFE_EOD_T_PLUS_1
2026-07-09,2026-07,OFFICIAL_DATA_GO_KR_2020_PRESENT,UNSPECIFIED_BY_SOURCE,data_go_kr,0,0,384989,332420,,,0,0,,,422,422,545|547.5|550|552.5|555|557.5|560|562.5|565|567.5|570|572.5|575|577.5|580|582.5|585|587.5|590|592.5|595|597.5|600|602.5|605|607.5|610|612.5|615|617.5|620|622.5|625|627.5|630|632.5|635|637.5|640|642.5|645|647.5|650|652.5|655|657.5|660|662.5|665|667.5|670|672.5|675|677.5|680|682.5|685|687.5|690|692.5|695|697.5|700|702.5|705|707.5|710|712.5|715|717.5|720|722.5|725|727.5|730|732.5|735|737.5|740|742.5|745|747.5|750|752.5|755|757.5|760|762.5|765|767.5|770|772.5|775|777.5|780|782.5|785|787.5|790|792.5|795|797.5|800|802.5|805|807.5|810|812.5|815|817.5|820|822.5|825|827.5|830|832.5|835|837.5|840|842.5|845|847.5|850|852.5|855|857.5|860|862.5|865|867.5|870|872.5|875|877.5|880|882.5|885|887.5|890|892.5|895|897.5|900|902.5|905|907.5|910|912.5|915|917.5|920|922.5|925|927.5|930|932.5|935|937.5|940|942.5|945|947.5|950|952.5|955|957.5|960|962.5|965|967.5|970|972.5|975|977.5|980|982.5|985|987.5|990|992.5|995|997.5|1000|1002.5|1005|1007.5|1010|1012.5|1015|1017.5|1020|1022.5|1025|1027.5|1030|1032.5|1035|1037.5|1040|1042.5|1045|1047.5|1050|1052.5|1055|1057.5|1060|1062.5|1065|1067.5|1070|1072.5|1075|1077.5|1080|1082.5|1085|1087.5|1090|1092.5|1095|1097.5|1100|1102.5|1105|1107.5|1110|1112.5|1115|1117.5|1120|1122.5|1125|1127.5|1130|1132.5|1135|1137.5|1140|1142.5|1145|1147.5|1150|1152.5|1155|1157.5|1160|1162.5|1165|1167.5|1170|1172.5|1175|1177.5|1180|1182.5|1185|1187.5|1190|1192.5|1195|1197.5|1200|1202.5|1205|1207.5|1210|1212.5|1215|1217.5|1220|1222.5|1225|1227.5|1230|1232.5|1235|1237.5|1240|1242.5|1245|1247.5|1250|1252.5|1255|1257.5|1260|1262.5|1265|1267.5|1270|1272.5|1275|1277.5|1280|1282.5|1285|1287.5|1290|1292.5|1295|1297.5|1300|1302.5|1305|1307.5|1310|1312.5|1315|1317.5|1320|1322.5|1325|1327.5|1330|1332.5|1335|1337.5|1340|1342.5|1345|1347.5|1350|1352.5|1355|1357.5|1360|1362.5|1365|1367.5|1370|1372.5|1375|1377.5|1380|1382.5|1385|1387.5|1390|1392.5|1395|1397.5|1400|1402.5|1405|1407.5|1410|1412.5|1415|1417.5|1420|1422.5|1425|1427.5|1430|1432.5|1435|1437.5|1440|1442.5|1445|1447.5|1450|1452.5|1455|1457.5|1460|1462.5|1465|1467.5|1470|1472.5|1475|1477.5|1480|1482.5|1485|1487.5|1490|1492.5|1495|1497.5|1500|1502.5|1505|1507.5|1510|1512.5|1515|1517.5|1520|1522.5|1525|1527.5|1530|1532.5|1535|1537.5|1540|1542.5|1545|1547.5|1550|1552.5|1555|1557.5|1560|1562.5|1565|1567.5|1570|1572.5|1575|1577.5|1580|1582.5|1585|1587.5|1590|1592.5|1595|1597.5,545|547.5|550|552.5|555|557.5|560|562.5|565|567.5|570|572.5|575|577.5|580|582.5|585|587.5|590|592.5|595|597.5|600|602.5|605|607.5|610|612.5|615|617.5|620|622.5|625|627.5|630|632.5|635|637.5|640|642.5|645|647.5|650|652.5|655|657.5|660|662.5|665|667.5|670|672.5|675|677.5|680|682.5|685|687.5|690|692.5|695|697.5|700|702.5|705|707.5|710|712.5|715|717.5|720|722.5|725|727.5|730|732.5|735|737.5|740|742.5|745|747.5|750|752.5|755|757.5|760|762.5|765|767.5|770|772.5|775|777.5|780|782.5|785|787.5|790|792.5|795|797.5|800|802.5|805|807.5|810|812.5|815|817.5|820|822.5|825|827.5|830|832.5|835|837.5|840|842.5|845|847.5|850|852.5|855|857.5|860|862.5|865|867.5|870|872.5|875|877.5|880|882.5|885|887.5|890|892.5|895|897.5|900|902.5|905|907.5|910|912.5|915|917.5|920|922.5|925|927.5|930|932.5|935|937.5|940|942.5|945|947.5|950|952.5|955|957.5|960|962.5|965|967.5|970|972.5|975|977.5|980|982.5|985|987.5|990|992.5|995|997.5|1000|1002.5|1005|1007.5|1010|1012.5|1015|1017.5|1020|1022.5|1025|1027.5|1030|1032.5|1035|1037.5|1040|1042.5|1045|1047.5|1050|1052.5|1055|1057.5|1060|1062.5|1065|1067.5|1070|1072.5|1075|1077.5|1080|1082.5|1085|1087.5|1090|1092.5|1095|1097.5|1100|1102.5|1105|1107.5|1110|1112.5|1115|1117.5|1120|1122.5|1125|1127.5|1130|1132.5|1135|1137.5|1140|1142.5|1145|1147.5|1150|1152.5|1155|1157.5|1160|1162.5|1165|1167.5|1170|1172.5|1175|1177.5|1180|1182.5|1185|1187.5|1190|1192.5|1195|1197.5|1200|1202.5|1205|1207.5|1210|1212.5|1215|1217.5|1220|1222.5|1225|1227.5|1230|1232.5|1235|1237.5|1240|1242.5|1245|1247.5|1250|1252.5|1255|1257.5|1260|1262.5|1265|1267.5|1270|1272.5|1275|1277.5|1280|1282.5|1285|1287.5|1290|1292.5|1295|1297.5|1300|1302.5|1305|1307.5|1310|1312.5|1315|1317.5|1320|1322.5|1325|1327.5|1330|1332.5|1335|1337.5|1340|1342.5|1345|1347.5|1350|1352.5|1355|1357.5|1360|1362.5|1365|1367.5|1370|1372.5|1375|1377.5|1380|1382.5|1385|1387.5|1390|1392.5|1395|1397.5|1400|1402.5|1405|1407.5|1410|1412.5|1415|1417.5|1420|1422.5|1425|1427.5|1430|1432.5|1435|1437.5|1440|1442.5|1445|1447.5|1450|1452.5|1455|1457.5|1460|1462.5|1465|1467.5|1470|1472.5|1475|1477.5|1480|1482.5|1485|1487.5|1490|1492.5|1495|1497.5|1500|1502.5|1505|1507.5|1510|1512.5|1515|1517.5|1520|1522.5|1525|1527.5|1530|1532.5|1535|1537.5|1540|1542.5|1545|1547.5|1550|1552.5|1555|1557.5|1560|1562.5|1565|1567.5|1570|1572.5|1575|1577.5|1580|1582.5|1585|1587.5|1590|1592.5|1595|1597.5,True,True,NO_OPEN_INTEREST,NO_OPEN_INTEREST,WALL_ANALYSIS_VERIFIED,MATURITY_MONTH_ONLY_EXACT_EXPIRY_NOT_AVAILABLE,MAX_OI_LOWEST_STRIKE_REPRESENTATIVE_ALL_CANDIDATES_PRESERVED,,0.8634532415211863,-7435.0,,-28370.0,,,,,,,,MIN_RETAINED_MATURITY_MONTH_NOT_BEFORE_TRADE_MONTH,1169.73,pykrx,kr_kospi200_index_daily,PIT_SAFE_EOD_T_PLUS_1
2026-07-10,2026-08,OFFICIAL_DATA_GO_KR_2020_PRESENT,UNSPECIFIED_BY_SOURCE,data_go_kr,32323,46745,11442,17540,1597.5,625.0,5248,7008,4203.0,4738.0,1,1,1597.5,625,False,False,WALL_AVAILABLE,WALL_AVAILABLE,WALL_ANALYSIS_VERIFIED,MATURITY_MONTH_ONLY_EXACT_EXPIRY_NOT_AVAILABLE,MAX_OI_LOWEST_STRIKE_REPRESENTATIVE_ALL_CANDIDATES_PRESERVED,1.446183831946292,1.5329487851774166,1017.0,0.0,1283.0,0.0,400.81,33.49321879517668,,-571.69,-47.772606105173445,,MIN_RETAINED_MATURITY_MONTH_NOT_BEFORE_TRADE_MONTH,1196.69,pykrx,kr_kospi200_index_daily,PIT_SAFE_EOD_T_PLUS_1
2026-07-13,2026-08,OFFICIAL_DATA_GO_KR_2020_PRESENT,UNSPECIFIED_BY_SOURCE,data_go_kr,39504,54099,19368,24693,1597.5,625.0,7189,8642,7033.0,7501.0,1,1,1597.5,625,False,False,WALL_AVAILABLE,WALL_AVAILABLE,WALL_ANALYSIS_VERIFIED,MATURITY_MONTH_ONLY_EXACT_EXPIRY_NOT_AVAILABLE,MAX_OI_LOWEST_STRIKE_REPRESENTATIVE_ALL_CANDIDATES_PRESERVED,1.3694562575941678,1.2749380421313508,1941.0,0.0,1634.0,0.0,518.72,48.083946680509456,,-453.78,-42.06418361482415,,MIN_RETAINED_MATURITY_MONTH_NOT_BEFORE_TRADE_MONTH,1078.78,pykrx,kr_kospi200_index_daily,PIT_SAFE_EOD_T_PLUS_1
2026-07-14,2026-08,OFFICIAL_DATA_GO_KR_2020_PRESENT,UNSPECIFIED_BY_SOURCE,data_go_kr,44338,57791,24366,28849,1597.5,625.0,8197,9427,10824.0,10579.0,1,1,1597.5,625,False,False,WALL_AVAILABLE,WALL_AVAILABLE,WALL_ANALYSIS_VERIFIED,MATURITY_MONTH_ONLY_EXACT_EXPIRY_NOT_AVAILABLE,MAX_OI_LOWEST_STRIKE_REPRESENTATIVE_ALL_CANDIDATES_PRESERVED,1.3034191889575533,1.1839858819666749,1008.0,0.0,785.0,0.0,505.27,46.26040302866612,,-467.23,-42.777620098330935,,MIN_RETAINED_MATURITY_MONTH_NOT_BEFORE_TRADE_MONTH,1092.23,pykrx,kr_kospi200_index_daily,PIT_SAFE_EOD_T_PLUS_1
2026-07-15,2026-08,OFFICIAL_DATA_GO_KR_2020_PRESENT,UNSPECIFIED_BY_SOURCE,data_go_kr,46630,63117,17161,21830,1597.5,625.0,8435,9869,7026.0,5826.0,1,1,1597.5,625,False,False,WALL_AVAILABLE,WALL_AVAILABLE,WALL_ANALYSIS_VERIFIED,MATURITY_MONTH_ONLY_EXACT_EXPIRY_NOT_AVAILABLE,MAX_OI_LOWEST_STRIKE_REPRESENTATIVE_ALL_CANDIDATES_PRESERVED,1.353570662663521,1.2720703921682883,238.0,0.0,442.0,0.0,433.5999999999999,37.25405962711572,,-538.9000000000001,-46.301228627889,,MIN_RETAINED_MATURITY_MONTH_NOT_BEFORE_TRADE_MONTH,1163.9,pykrx,kr_kospi200_index_daily,PIT_SAFE_EOD_T_PLUS_1
2026-07-16,2026-08,OFFICIAL_DATA_GO_KR_2020_PRESENT,UNSPECIFIED_BY_SOURCE,data_go_kr,52089,65093,18801,18603,1597.5,625.0,8924,10210,7091.0,7133.0,1,1,1597.5,625,False,False,WALL_AVAILABLE,WALL_AVAILABLE,WALL_ANALYSIS_VERIFIED,MATURITY_MONTH_ONLY_EXACT_EXPIRY_NOT_AVAILABLE,MAX_OI_LOWEST_STRIKE_REPRESENTATIVE_ALL_CANDIDATES_PRESERVED,1.249649638119373,0.9894686452848253,489.0,0.0,341.0,0.0,517.1400000000001,47.86737754081973,,-455.3599999999999,-42.1489133251879,,MIN_RETAINED_MATURITY_MONTH_NOT_BEFORE_TRADE_MONTH,1080.36,pykrx,kr_kospi200_index_daily,PIT_SAFE_EOD_T_PLUS_1
2026-07-20,2026-08,OFFICIAL_DATA_GO_KR_2020_PRESENT,UNSPECIFIED_BY_SOURCE,data_go_kr,58260,69699,21660,20074,1597.5,625.0,10315,11272,9005.0,7518.0,1,1,1597.5,625,False,False,WALL_AVAILABLE,WALL_AVAILABLE,WALL_ANALYSIS_VERIFIED,MATURITY_MONTH_ONLY_EXACT_EXPIRY_NOT_AVAILABLE,MAX_OI_LOWEST_STRIKE_REPRESENTATIVE_ALL_CANDIDATES_PRESERVED,1.1963439752832132,0.9267774699907664,1391.0,0.0,1062.0,0.0,564.98,54.71855266726069,,-407.52,-39.46848487196374,,MIN_RETAINED_MATURITY_MONTH_NOT_BEFORE_TRADE_MONTH,1032.52,pykrx,kr_kospi200_index_daily,PIT_SAFE_EOD_T_PLUS_1
2026-07-21,2026-08,OFFICIAL_DATA_GO_KR_2020_PRESENT,UNSPECIFIED_BY_SOURCE,data_go_kr,63311,73911,23302,19921,1597.5,625.0,10467,11838,9225.0,6103.0,1,1,1597.5,625,False,False,WALL_AVAILABLE,WALL_AVAILABLE,WALL_ANALYSIS_VERIFIED,MATURITY_MONTH_ONLY_EXACT_EXPIRY_NOT_AVAILABLE,MAX_OI_LOWEST_STRIKE_REPRESENTATIVE_ALL_CANDIDATES_PRESERVED,1.1674274612626558,0.854905158355506,152.0,0.0,566.0,0.0,524.1099999999999,48.8275463717754,,-448.3900000000001,-41.77326041792825,,MIN_RETAINED_MATURITY_MONTH_NOT_BEFORE_TRADE_MONTH,1073.39,pykrx,kr_kospi200_index_daily,PIT_SAFE_EOD_T_PLUS_1
2026-07-22,2026-08,OFFICIAL_DATA_GO_KR_2020_PRESENT,UNSPECIFIED_BY_SOURCE,data_go_kr,64930,78568,21363,24744,1597.5,625.0,10634,12123,9158.0,6810.0,1,1,1597.5,625,False,False,WALL_AVAILABLE,WALL_AVAILABLE,WALL_ANALYSIS_VERIFIED,MATURITY_MONTH_ONLY_EXACT_EXPIRY_NOT_AVAILABLE,MAX_OI_LOWEST_STRIKE_REPRESENTATIVE_ALL_CANDIDATES_PRESERVED,1.210041583243493,1.158264288723494,167.0,0.0,285.0,0.0,517.28,47.886541630408615,,-455.22,-42.14141563755531,,MIN_RETAINED_MATURITY_MONTH_NOT_BEFORE_TRADE_MONTH,1080.22,pykrx,kr_kospi200_index_daily,PIT_SAFE_EOD_T_PLUS_1
2026-07-23,2026-08,OFFICIAL_DATA_GO_KR_2020_PRESENT,UNSPECIFIED_BY_SOURCE,data_go_kr,67746,81218,18952,20736,1597.5,625.0,11654,12758,7964.0,5613.0,1,1,1597.5,625,False,False,WALL_AVAILABLE,WALL_AVAILABLE,WALL_ANALYSIS_VERIFIED,MATURITY_MONTH_ONLY_EXACT_EXPIRY_NOT_AVAILABLE,MAX_OI_LOWEST_STRIKE_REPRESENTATIVE_ALL_CANDIDATES_PRESERVED,1.1988604493254214,1.0941325453777966,1020.0,0.0,635.0,0.0,471.1700000000001,41.8323226763027,,-501.3299999999999,-44.51004590129003,,MIN_RETAINED_MATURITY_MONTH_NOT_BEFORE_TRADE_MONTH,1126.33,pykrx,kr_kospi200_index_daily,PIT_SAFE_EOD_T_PLUS_1
2026-07-24,2026-08,OFFICIAL_DATA_GO_KR_2020_PRESENT,UNSPECIFIED_BY_SOURCE,data_go_kr,71512,82677,24600,23900,1597.5,625.0,11979,12432,8283.0,7324.0,1,1,1597.5,625,False,False,WALL_AVAILABLE,WALL_AVAILABLE,WALL_ANALYSIS_VERIFIED,MATURITY_MONTH_ONLY_EXACT_EXPIRY_NOT_AVAILABLE,MAX_OI_LOWEST_STRIKE_REPRESENTATIVE_ALL_CANDIDATES_PRESERVED,1.1561276429130776,0.9715447154471544,325.0,0.0,-326.0,0.0,541.9200000000001,51.33860057977606,,-430.5799999999999,-40.790844843593085,,MIN_RETAINED_MATURITY_MONTH_NOT_BEFORE_TRADE_MONTH,1055.58,pykrx,kr_kospi200_index_daily,PIT_SAFE_EOD_T_PLUS_1
2026-07-27,2026-08,OFFICIAL_DATA_GO_KR_2020_PRESENT,UNSPECIFIED_BY_SOURCE,data_go_kr,76055,86603,25803,23778,1597.5,625.0,13700,13881,6357.0,7686.0,1,1,1597.5,625,False,False,WALL_AVAILABLE,WALL_AVAILABLE,WALL_ANALYSIS_VERIFIED,MATURITY_MONTH_ONLY_EXACT_EXPIRY_NOT_AVAILABLE,MAX_OI_LOWEST_STRIKE_REPRESENTATIVE_ALL_CANDIDATES_PRESERVED,1.1386891065676157,0.9215207534007672,1721.0,0.0,1449.0,0.0,528.28,49.40797964871588,,-444.22,-41.54617384635528,,MIN_RETAINED_MATURITY_MONTH_NOT_BEFORE_TRADE_MONTH,1069.22,pykrx,kr_kospi200_index_daily,PIT_SAFE_EOD_T_PLUS_1
2026-07-28,2026-08,OFFICIAL_DATA_GO_KR_2020_PRESENT,UNSPECIFIED_BY_SOURCE,data_go_kr,86214,89436,59370,37479,1597.5,625.0,13839,13612,9836.0,13502.0,1,1,1597.5,625,False,False,WALL_AVAILABLE,WALL_AVAILABLE,WALL_ANALYSIS_VERIFIED,MATURITY_MONTH_ONLY_EXACT_EXPIRY_NOT_AVAILABLE,MAX_OI_LOWEST_STRIKE_REPRESENTATIVE_ALL_CANDIDATES_PRESERVED,1.0373721205372677,0.6312784234461849,139.0,0.0,-269.0,0.0,651.81,68.92427751165815,,-320.69000000000005,-33.91068954942952,,MIN_RETAINED_MATURITY_MONTH_NOT_BEFORE_TRADE_MONTH,945.69,pykrx,kr_kospi200_index_daily,PIT_SAFE_EOD_T_PLUS_1
2026-07-29,2026-08,OFFICIAL_DATA_GO_KR_2020_PRESENT,UNSPECIFIED_BY_SOURCE,data_go_kr,96272,89561,70608,48238,1597.5,625.0,14612,12340,9155.0,17715.0,1,1,1597.5,625,False,False,WALL_AVAILABLE,WALL_AVAILABLE,WALL_ANALYSIS_VERIFIED,MATURITY_MONTH_ONLY_EXACT_EXPIRY_NOT_AVAILABLE,MAX_OI_LOWEST_STRIKE_REPRESENTATIVE_ALL_CANDIDATES_PRESERVED,0.9302912581020442,0.6831803761613415,773.0,0.0,-1272.0,0.0,710.3,80.06086564472497,,-262.20000000000005,-29.5536519386835,,MIN_RETAINED_MATURITY_MONTH_NOT_BEFORE_TRADE_MONTH,887.2,pykrx,kr_kospi200_index_daily,PIT_SAFE_EOD_T_PLUS_1
2026-07-30,2026-08,OFFICIAL_DATA_GO_KR_2020_PRESENT,UNSPECIFIED_BY_SOURCE,data_go_kr,110379,92384,64994,29844,1597.5,625.0,16169,12768,7033.0,11953.0,1,1,1597.5,625,False,False,WALL_AVAILABLE,WALL_AVAILABLE,WALL_ANALYSIS_VERIFIED,MATURITY_MONTH_ONLY_EXACT_EXPIRY_NOT_AVAILABLE,MAX_OI_LOWEST_STRIKE_REPRESENTATIVE_ALL_CANDIDATES_PRESERVED,0.8369708006051876,0.4591808474628427,1557.0,0.0,428.0,0.0,725.01,83.09665440291579,,-247.49,-28.365941156918705,,MIN_RETAINED_MATURITY_MONTH_NOT_BEFORE_TRADE_MONTH,872.49,pykrx,kr_kospi200_index_daily,PIT_SAFE_EOD_T_PLUS_1
2026-07-31,2026-08,OFFICIAL_DATA_GO_KR_2020_PRESENT,UNSPECIFIED_BY_SOURCE,data_go_kr,107612,97883,65511,35000,1597.5,625.0,13564,14006,13097.0,10075.0,1,1,1597.5,625,False,False,WALL_AVAILABLE,WALL_AVAILABLE,WALL_ANALYSIS_VERIFIED,MATURITY_MONTH_ONLY_EXACT_EXPIRY_NOT_AVAILABLE,MAX_OI_LOWEST_STRIKE_REPRESENTATIVE_ALL_CANDIDATES_PRESERVED,0.9095918670780212,0.5342614217459664,-2605.0,0.0,1238.0,0.0,550.69,52.60649019401802,,-421.81,-40.294800393576665,,MIN_RETAINED_MATURITY_MONTH_NOT_BEFORE_TRADE_MONTH,1046.81,pykrx,kr_kospi200_index_daily,PIT_SAFE_EOD_T_PLUS_1
2026-08-03,2026-08,OFFICIAL_DATA_GO_KR_2020_PRESENT,UNSPECIFIED_BY_SOURCE,data_go_kr,112295,103015,41135,28576,1597.5,625.0,15097,14587,5597.0,9000.0,1,1,1597.5,625,False,False,WALL_AVAILABLE,WALL_AVAILABLE,WALL_ANALYSIS_VERIFIED,MATURITY_MONTH_ONLY_EXACT_EXPIRY_NOT_AVAILABLE,MAX_OI_LOWEST_STRIKE_REPRESENTATIVE_ALL_CANDIDATES_PRESERVED,0.9173605236208202,0.6946882217090069,1533.0,0.0,581.0,0.0,610.78,61.90003243067941,,-361.72,-36.65882925247285,,MIN_RETAINED_MATURITY_MONTH_NOT_BEFORE_TRADE_MONTH,986.72,pykrx,kr_kospi200_index_daily,PIT_SAFE_EOD_T_PLUS_1
2026-08-04,2026-08,OFFICIAL_DATA_GO_KR_2020_PRESENT,UNSPECIFIED_BY_SOURCE,data_go_kr,126798,107313,94325,39486,1597.5,625.0,21918,14901,20827.0,12343.0,1,1,1597.5,625,False,False,WALL_AVAILABLE,WALL_AVAILABLE,WALL_ANALYSIS_VERIFIED,MATURITY_MONTH_ONLY_EXACT_EXPIRY_NOT_AVAILABLE,MAX_OI_LOWEST_STRIKE_REPRESENTATIVE_ALL_CANDIDATES_PRESERVED,0.8463303837599963,0.418616485555261,6821.0,0.0,314.0,0.0,597.47,59.74520764377069,,-375.03,-37.50187494375169,,MIN_RETAINED_MATURITY_MONTH_NOT_BEFORE_TRADE_MONTH,1000.03,pykrx,kr_kospi200_index_daily,PIT_SAFE_EOD_T_PLUS_1
2026-08-05,2026-08,OFFICIAL_DATA_GO_KR_2020_PRESENT,UNSPECIFIED_BY_SOURCE,data_go_kr,133831,112872,54376,36719,1597.5,625.0,21804,15813,7438.0,8267.0,1,1,1597.5,625,False,False,WALL_AVAILABLE,WALL_AVAILABLE,WALL_ANALYSIS_VERIFIED,MATURITY_MONTH_ONLY_EXACT_EXPIRY_NOT_AVAILABLE,MAX_OI_LOWEST_STRIKE_REPRESENTATIVE_ALL_CANDIDATES_PRESERVED,0.8433920392136351,0.6752795350890098,-114.0,0.0,912.0,0.0,558.9100000000001,53.81430593400669,,-413.5899999999999,-39.82225902425404,,MIN_RETAINED_MATURITY_MONTH_NOT_BEFORE_TRADE_MONTH,1038.59,pykrx,kr_kospi200_index_daily,PIT_SAFE_EOD_T_PLUS_1
2026-08-06,2026-08,OFFICIAL_DATA_GO_KR_2020_PRESENT,UNSPECIFIED_BY_SOURCE,data_go_kr,142970,117846,80056,46291,1597.5,625.0,22703,16284,5787.0,8748.0,1,1,1597.5,625,False,False,WALL_AVAILABLE,WALL_AVAILABLE,WALL_ANALYSIS_VERIFIED,MATURITY_MONTH_ONLY_EXACT_EXPIRY_NOT_AVAILABLE,MAX_OI_LOWEST_STRIKE_REPRESENTATIVE_ALL_CANDIDATES_PRESERVED,0.8242708260474225,0.5782327370840412,899.0,0.0,471.0,0.0,614.58,62.52594310828958,,-357.92,-36.41395027062222,,MIN_RETAINED_MATURITY_MONTH_NOT_BEFORE_TRADE_MONTH,982.92,pykrx,kr_kospi200_index_daily,PIT_SAFE_EOD_T_PLUS_1
2026-08-07,2026-08,OFFICIAL_DATA_GO_KR_2020_PRESENT,UNSPECIFIED_BY_SOURCE,data_go_kr,152698,124103,68750,51384,1597.5,625.0,23932,16782,1228.0,8643.0,1,1,1597.5,625,False,False,WALL_AVAILABLE,WALL_AVAILABLE,WALL_ANALYSIS_VERIFIED,MATURITY_MONTH_ONLY_EXACT_EXPIRY_NOT_AVAILABLE,MAX_OI_LOWEST_STRIKE_REPRESENTATIVE_ALL_CANDIDATES_PRESERVED,0.8127349408636655,0.7474036363636364,1229.0,0.0,498.0,0.0,622.77,63.89153919546951,,-349.73,-35.879679500990015,,MIN_RETAINED_MATURITY_MONTH_NOT_BEFORE_TRADE_MONTH,974.73,pykrx,kr_kospi200_index_daily,PIT_SAFE_EOD_T_PLUS_1
2026-08-18,2026-09,OFFICIAL_DATA_GO_KR_2020_PRESENT,UNSPECIFIED_BY_SOURCE,data_go_kr,95794,136260,35127,37762,1597.5,700.0,7951,13689,8167.0,2541.0,1,1,1597.5,700,False,False,WALL_AVAILABLE,WALL_AVAILABLE,WALL_ANALYSIS_VERIFIED,MATURITY_MONTH_ONLY_EXACT_EXPIRY_NOT_AVAILABLE,MAX_OI_LOWEST_STRIKE_REPRESENTATIVE_ALL_CANDIDATES_PRESERVED,1.422427291897196,1.075013522361716,3512.0,97.5,4460.0,0.0,515.5,47.64325323475048,,-382.0,-35.304990757855826,,MIN_RETAINED_MATURITY_MONTH_NOT_BEFORE_TRADE_MONTH,1082.0,pykrx,kr_kospi200_index_daily,PIT_SAFE_EOD_T_PLUS_1
2026-08-19,2026-09,OFFICIAL_DATA_GO_KR_2020_PRESENT,UNSPECIFIED_BY_SOURCE,data_go_kr,102176,141647,37259,34294,1597.5,700.0,9033,13817,7135.0,3271.0,1,1,1597.5,700,False,False,WALL_AVAILABLE,WALL_AVAILABLE,WALL_ANALYSIS_VERIFIED,MATURITY_MONTH_ONLY_EXACT_EXPIRY_NOT_AVAILABLE,MAX_OI_LOWEST_STRIKE_REPRESENTATIVE_ALL_CANDIDATES_PRESERVED,1.3863040244284373,0.9204219114844736,1082.0,0.0,128.0,0.0,584.89,57.76063835040144,,-312.61,-30.87170776508232,,MIN_RETAINED_MATURITY_MONTH_NOT_BEFORE_TRADE_MONTH,1012.61,pykrx,kr_kospi200_index_daily,PIT_SAFE_EOD_T_PLUS_1
2026-08-20,2026-09,OFFICIAL_DATA_GO_KR_2020_PRESENT,UNSPECIFIED_BY_SOURCE,data_go_kr,105013,147187,38419,28161,1597.5,700.0,8247,14033,6757.0,2334.0,1,1,1597.5,700,False,False,WALL_AVAILABLE,WALL_AVAILABLE,WALL_ANALYSIS_VERIFIED,MATURITY_MONTH_ONLY_EXACT_EXPIRY_NOT_AVAILABLE,MAX_OI_LOWEST_STRIKE_REPRESENTATIVE_ALL_CANDIDATES_PRESERVED,1.40160742003371,0.7329966943439444,-786.0,0.0,216.0,0.0,516.52,47.78256767007716,,-380.98,-35.24394530888638,,MIN_RETAINED_MATURITY_MONTH_NOT_BEFORE_TRADE_MONTH,1080.98,pykrx,kr_kospi200_index_daily,PIT_SAFE_EOD_T_PLUS_1
2026-08-21,2026-09,OFFICIAL_DATA_GO_KR_2020_PRESENT,UNSPECIFIED_BY_SOURCE,data_go_kr,106289,154155,30351,33601,1597.5,700.0,8559,15008,4419.0,2948.0,1,1,1597.5,700,False,False,WALL_AVAILABLE,WALL_AVAILABLE,WALL_ANALYSIS_VERIFIED,MATURITY_MONTH_ONLY_EXACT_EXPIRY_NOT_AVAILABLE,MAX_OI_LOWEST_STRIKE_REPRESENTATIVE_ALL_CANDIDATES_PRESERVED,1.4503382287913142,1.107080491581826,312.0,0.0,975.0,0.0,501.25,45.72405929304446,,-396.25,-36.14595210946408,,MIN_RETAINED_MATURITY_MONTH_NOT_BEFORE_TRADE_MONTH,1096.25,pykrx,kr_kospi200_index_daily,PIT_SAFE_EOD_T_PLUS_1
2026-08-24,2026-09,OFFICIAL_DATA_GO_KR_2020_PRESENT,UNSPECIFIED_BY_SOURCE,data_go_kr,111543,160377,29037,29254,1597.5,700.0,9717,14981,4533.0,2294.0,1,1,1597.5,700,False,False,WALL_AVAILABLE,WALL_AVAILABLE,WALL_ANALYSIS_VERIFIED,MATURITY_MONTH_ONLY_EXACT_EXPIRY_NOT_AVAILABLE,MAX_OI_LOWEST_STRIKE_REPRESENTATIVE_ALL_CANDIDATES_PRESERVED,1.437804254861354,1.0074732238178876,1158.0,0.0,-27.0,0.0,543.49,51.564026906765584,,-354.01,-33.58696786558002,,MIN_RETAINED_MATURITY_MONTH_NOT_BEFORE_TRADE_MONTH,1054.01,pykrx,kr_kospi200_index_daily,PIT_SAFE_EOD_T_PLUS_1
2026-08-25,2026-09,OFFICIAL_DATA_GO_KR_2020_PRESENT,UNSPECIFIED_BY_SOURCE,data_go_kr,113598,166355,55072,54183,1597.5,700.0,9511,14591,9043.0,3621.0,1,1,1597.5,700,False,False,WALL_AVAILABLE,WALL_AVAILABLE,WALL_ANALYSIS_VERIFIED,MATURITY_MONTH_ONLY_EXACT_EXPIRY_NOT_AVAILABLE,MAX_OI_LOWEST_STRIKE_REPRESENTATIVE_ALL_CANDIDATES_PRESERVED,1.46441838764767,0.9838574956420686,-206.0,0.0,-390.0,0.0,536.8199999999999,50.61092883810385,,-360.68000000000006,-34.004600822114114,,MIN_RETAINED_MATURITY_MONTH_NOT_BEFORE_TRADE_MONTH,1060.68,pykrx,kr_kospi200_index_daily,PIT_SAFE_EOD_T_PLUS_1
2026-08-26,2026-09,OFFICIAL_DATA_GO_KR_2020_PRESENT,UNSPECIFIED_BY_SOURCE,data_go_kr,115448,169949,35220,30698,1597.5,700.0,9550,14408,4595.0,2091.0,1,1,1597.5,700,False,False,WALL_AVAILABLE,WALL_AVAILABLE,WALL_ANALYSIS_VERIFIED,MATURITY_MONTH_ONLY_EXACT_EXPIRY_NOT_AVAILABLE,MAX_OI_LOWEST_STRIKE_REPRESENTATIVE_ALL_CANDIDATES_PRESERVED,1.47208266925369,0.8716070414537195,39.0,0.0,-183.0,0.0,526.3399999999999,49.13738377086523,,-371.1600000000001,-34.65028567160835,,MIN_RETAINED_MATURITY_MONTH_NOT_BEFORE_TRADE_MONTH,1071.16,pykrx,kr_kospi200_index_daily,PIT_SAFE_EOD_T_PLUS_1
2026-08-27,2026-09,OFFICIAL_DATA_GO_KR_2020_PRESENT,UNSPECIFIED_BY_SOURCE,data_go_kr,118630,173449,43055,33202,1597.5,700.0,10160,14599,6648.0,1603.0,1,1,1597.5,700,False,False,WALL_AVAILABLE,WALL_AVAILABLE,WALL_ANALYSIS_VERIFIED,MATURITY_MONTH_ONLY_EXACT_EXPIRY_NOT_AVAILABLE,MAX_OI_LOWEST_STRIKE_REPRESENTATIVE_ALL_CANDIDATES_PRESERVED,1.462100649076962,0.7711531761700151,610.0,0.0,191.0,0.0,508.8900000000001,46.746768815278216,,-388.6099999999999,-35.69781648156823,,MIN_RETAINED_MATURITY_MONTH_NOT_BEFORE_TRADE_MONTH,1088.61,pykrx,kr_kospi200_index_daily,PIT_SAFE_EOD_T_PLUS_1
2026-08-28,2026-09,OFFICIAL_DATA_GO_KR_2020_PRESENT,UNSPECIFIED_BY_SOURCE,data_go_kr,121204,175338,42269,34720,1597.5,700.0,9257,14327,3467.0,1684.0,1,1,1597.5,700,False,False,WALL_AVAILABLE,WALL_AVAILABLE,WALL_ANALYSIS_VERIFIED,MATURITY_MONTH_ONLY_EXACT_EXPIRY_NOT_AVAILABLE,MAX_OI_LOWEST_STRIKE_REPRESENTATIVE_ALL_CANDIDATES_PRESERVED,1.4466354245734463,0.8214057583571884,-903.0,0.0,-272.0,0.0,531.8,49.90147321009664,,-365.7000000000001,-34.31547339776672,,MIN_RETAINED_MATURITY_MONTH_NOT_BEFORE_TRADE_MONTH,1065.7,pykrx,kr_kospi200_index_daily,PIT_SAFE_EOD_T_PLUS_1
2026-08-31,2026-09,OFFICIAL_DATA_GO_KR_2020_PRESENT,UNSPECIFIED_BY_SOURCE,data_go_kr,122800,178921,45160,42692,1597.5,700.0,8862,14019,2659.0,2159.0,1,1,1597.5,700,False,False,WALL_AVAILABLE,WALL_AVAILABLE,WALL_ANALYSIS_VERIFIED,MATURITY_MONTH_ONLY_EXACT_EXPIRY_NOT_AVAILABLE,MAX_OI_LOWEST_STRIKE_REPRESENTATIVE_ALL_CANDIDATES_PRESERVED,1.4570114006514658,0.9453498671390612,-395.0,0.0,-308.0,0.0,525.6500000000001,49.04137705835705,,-371.8499999999999,-34.69235434062602,,MIN_RETAINED_MATURITY_MONTH_NOT_BEFORE_TRADE_MONTH,1071.85,pykrx,kr_kospi200_index_daily,PIT_SAFE_EOD_T_PLUS_1
2026-09-01,2026-09,OFFICIAL_DATA_GO_KR_2020_PRESENT,UNSPECIFIED_BY_SOURCE,data_go_kr,124866,180900,33424,35914,1597.5,700.0,8774,13756,433.0,812.0,1,1,1597.5,700,False,False,WALL_AVAILABLE,WALL_AVAILABLE,WALL_ANALYSIS_VERIFIED,MATURITY_MONTH_ONLY_EXACT_EXPIRY_NOT_AVAILABLE,MAX_OI_LOWEST_STRIKE_REPRESENTATIVE_ALL_CANDIDATES_PRESERVED,1.4487530632838403,1.0744973671613212,-88.0,0.0,-263.0,0.0,522.2,48.56319166744165,,-375.3,-34.90188784525249,,MIN_RETAINED_MATURITY_MONTH_NOT_BEFORE_TRADE_MONTH,1075.3,pykrx,kr_kospi200_index_daily,PIT_SAFE_EOD_T_PLUS_1
2026-09-02,2026-09,OFFICIAL_DATA_GO_KR_2020_PRESENT,UNSPECIFIED_BY_SOURCE,data_go_kr,130899,181390,54233,32744,1597.5,700.0,8646,13574,343.0,935.0,1,1,1597.5,700,False,False,WALL_AVAILABLE,WALL_AVAILABLE,WALL_ANALYSIS_VERIFIED,MATURITY_MONTH_ONLY_EXACT_EXPIRY_NOT_AVAILABLE,MAX_OI_LOWEST_STRIKE_REPRESENTATIVE_ALL_CANDIDATES_PRESERVED,1.3857248718477604,0.6037652351889071,-128.0,0.0,-182.0,0.0,565.97,54.867042160673954,,-331.53,-32.13963723788935,,MIN_RETAINED_MATURITY_MONTH_NOT_BEFORE_TRADE_MONTH,1031.53,pykrx,kr_kospi200_index_daily,PIT_SAFE_EOD_T_PLUS_1
